doc_id,source,category,date,title,url,has_en,chars,sha256
kap-1371827,kap,material-event,2025-01-03,MİGROS TİCARET A.Ş. - Özel Durum Açıklaması (Genel),https://www.kap.org.tr/tr/Bildirim/1371827,True,557,455837a663d5304ea37d1a915f1930681090cbd28ff9d0319bb70b75bc4eba06
kap-1381688,kap,material-event,2025-01-16,GOODYEAR LASTİKLERİ T.A.Ş. - Özel Durum Açıklaması (Genel),https://www.kap.org.tr/tr/Bildirim/1381688,True,458,72407315d6b007c2ab3077475abd43c068f2d62224e7c86caecc2c518ed95deb
kap-1381829,kap,capital-change,2025-01-16,ARZUM ELEKTRİKLİ EV ALETLERİ SANAYİ VE TİCARET A.Ş. - Sermaye Artırımı - Azaltımı İşlemlerine İlişkin Bildirim,https://www.kap.org.tr/tr/Bildirim/1381829,False,2058,91f33f7ec1c11f6ae0a7841f47e29d506881343e389d658ac253258835ebcbf6
kap-1383347,kap,tender,2025-01-22,TAV HAVALİMANLARI HOLDİNG A.Ş. - İhale Süreci / Sonucu,https://www.kap.org.tr/tr/Bildirim/1383347,True,594,b9003e5b14459eddbf4136f09ee2e873a84e45bfa861ac3506dccb09c0bb6caf
kap-1383589,kap,financial-asset-acquisition,2025-01-22,TÜRKİYE VAKIFLAR BANKASI T.A.O. - Finansal Duran Varlık Edinimi,https://www.kap.org.tr/tr/Bildirim/1383589,True,479,269af4f9c4b867b3d7b3cff4e244f8b5e3dc008b2796226ede5abcdc4e1322fb
kap-1384299,kap,new-business,2025-01-24,KARSAN OTOMOTİV SANAYİİ VE TİCARET A.Ş. - Yeni İş İlişkisi,https://www.kap.org.tr/tr/Bildirim/1384299,True,416,f2c78f595aa90d45590d7f5cfa62ce1e9ad954cf8a4994c6b8a2ff2ae32386a9
kap-1384376,kap,new-business,2025-01-27,KUZEY BORU A.Ş. - Yeni İş İlişkisi,https://www.kap.org.tr/tr/Bildirim/1384376,True,525,f63db7bf555cfe464dabf78d6364c919b98e8da8b233c76c1e80eb3a2d7fa7ff
kap-1384457,kap,capital-change,2025-01-27,FENERBAHÇE FUTBOL A.Ş. - Sermaye Artırımı - Azaltımı İşlemlerine İlişkin Bildirim,https://www.kap.org.tr/tr/Bildirim/1384457,False,2943,e6a4d4c1e1904550e0f39bb51045847145231125136024d68018f72efffc1166
kap-1384625,kap,tender,2025-01-27,BERA HOLDİNG A.Ş. - İhale Süreci / Sonucu,https://www.kap.org.tr/tr/Bildirim/1384625,True,527,db597161580ef9efb2a060d692f528ac8a54dbb938a5143ad302da10009b2d7e
kap-1385742,kap,tender,2025-01-29,MEDİTERA TIBBİ MALZEME SANAYİ VE TİCARET A.Ş. - İhale Süreci / Sonucu,https://www.kap.org.tr/tr/Bildirim/1385742,True,500,1fe6d4ccce2563e1a6a2d1d5560ed7df6b47c80d5447b24adb63b69809917912
kap-1386045,kap,material-event,2025-01-29,ZİRAAT GAYRİMENKUL YATIRIM ORTAKLIĞI A.Ş. - Özel Durum Açıklaması (Genel),https://www.kap.org.tr/tr/Bildirim/1386045,True,1227,c7920d2df09eb62789e6ae6d2403c717060fd85dd87507e51b3d075625c2f007
kap-1389325,kap,material-event,2025-02-04,KONTROLMATİK TEKNOLOJİ ENERJİ VE MÜHENDİSLİK A.Ş. - Özel Durum Açıklaması (Genel),https://www.kap.org.tr/tr/Bildirim/1389325,True,428,0f0a851d7b17a9a87ab837b954c2cf12a96f02fefbac81e707e5275e587983ad
kap-1389575,kap,tender,2025-02-05,KOÇ HOLDİNG A.Ş. - İhale Süreci / Sonucu,https://www.kap.org.tr/tr/Bildirim/1389575,True,1176,27b4defabb7ad42ad906bc427b9fa5d406423ac8f2847a41a19e14a1fe65698d
kap-1389713,kap,material-event,2025-02-05,DOĞUŞ OTOMOTİV SERVİS VE TİCARET A.Ş. - Özel Durum Açıklaması (Genel),https://www.kap.org.tr/tr/Bildirim/1389713,True,522,528e7f38d963673e6112c869018ebf933a1998e7932092f7a4d3b8ca3f44c06a
kap-1389746,kap,credit-rating,2025-02-05,TÜRK HAVA YOLLARI A.O. - Kredi Derecelendirmesi,https://www.kap.org.tr/tr/Bildirim/1389746,True,326,b7c3510dd621ffcbff848fb5cca26ec4393b3fca7875c3f43356b2579516017d
kap-1391910,kap,financial-asset-acquisition,2025-02-11,GÖLTAŞ GÖLLER BÖLGESİ ÇİMENTO SANAYİ VE TİCARET A.Ş. - Finansal Duran Varlık Edinimi,https://www.kap.org.tr/tr/Bildirim/1391910,True,219,3420c51c4c5f6744bc7e06a6acc941f4b95d29b679b6f2026d07977bec540aa3
kap-1392756,kap,capital-change,2025-02-14,A1 CAPİTAL YATIRIM MENKUL DEĞERLER A.Ş. - Sermaye Artırımı - Azaltımı İşlemlerine İlişkin Bildirim,https://www.kap.org.tr/tr/Bildirim/1392756,False,2410,4b54f88e9800b9d5cdd5ce68074b8c4a768a89e528a63454f727da6b04debd91
kap-1393493,kap,dividend,2025-02-17,AKSA AKRİLİK KİMYA SANAYİİ A.Ş. - Kar Payı Dağıtım İşlemlerine İlişkin Bildirim,https://www.kap.org.tr/tr/Bildirim/1393493,False,6447,c2519d01bfb75b39bd01a3d58eb798eee070384be213a8287a0380a303c6b607
kap-1395039,kap,material-event,2025-02-24,KONYA ÇİMENTO SANAYİİ A.Ş. - Özel Durum Açıklaması (Genel),https://www.kap.org.tr/tr/Bildirim/1395039,True,1160,c938aa6fb9f78fda3f612ca49dcd699bc17dacd08399a111ff2666e17da1bb57
kap-1396017,kap,dividend,2025-02-26,SAFKAR EGE SOĞUTMACILIK KLİMA SOĞUK HAVA TESİSLERİ İHRACAT İTHALAT SANAYİ VE TİCARET A.Ş. - Kar Payı Dağıtım İşlemlerine İlişkin Bildirim,https://www.kap.org.tr/tr/Bildirim/1396017,False,4831,4bbc6123101911009ba72bf42d250b47e50346c173dfb3deb1c845966b5a925f
kap-1396709,kap,credit-rating,2025-02-27,HACI ÖMER SABANCI HOLDİNG A.Ş. - Kredi Derecelendirmesi,https://www.kap.org.tr/tr/Bildirim/1396709,True,351,51a51bbb06d9f0ef5dc00158b0af748a6d1408d2942f6ddbf92715aee0eb20fc
kap-1397395,kap,material-event,2025-02-28,AKSA AKRİLİK KİMYA SANAYİİ A.Ş. - Özel Durum Açıklaması (Genel),https://www.kap.org.tr/tr/Bildirim/1397395,True,836,86e09f792b7b5276c7801b1ea83ab46855c01148e5f6ffc75c7ea3d4eadbc2ad
kap-1397877,kap,material-event,2025-03-03,SASA POLYESTER SANAYİ A.Ş. - Özel Durum Açıklaması (Genel),https://www.kap.org.tr/tr/Bildirim/1397877,True,935,86f64046472e200b3c1361c3c6f23f98e72e9bbd27829ab593396662c476dffe
kap-1399916,kap,material-event,2025-03-04,BERA HOLDİNG A.Ş. - Özel Durum Açıklaması (Genel),https://www.kap.org.tr/tr/Bildirim/1399916,True,995,8a1342567ea84873b5825b0f087a75402708357dda542a677d11303bf263224e
kap-1401090,kap,dividend,2025-03-05,ANADOLU EFES BİRACILIK VE MALT SANAYİİ A.Ş. - Kar Payı Dağıtım İşlemlerine İlişkin Bildirim,https://www.kap.org.tr/tr/Bildirim/1401090,False,4099,e4c34413d797e1f39e6c096a7f0c3987b9bcf4cb7bfec01e1d99f776e83970d4
kap-1401857,kap,forward-looking,2025-03-06,AKFEN GAYRİMENKUL YATIRIM ORTAKLIĞI A.Ş. - Geleceğe Dönük Değerlendirmeler,https://www.kap.org.tr/tr/Bildirim/1401857,True,1219,7983191c2224ea6e70b2602b5a36bf5482a9307669b2e5c28e8d95c66fc9840c
kap-1401894,kap,new-business,2025-03-07,KİMTEKS POLİÜRETAN SANAYİ VE TİCARET A.Ş. - Yeni İş İlişkisi,https://www.kap.org.tr/tr/Bildirim/1401894,True,1174,c5255bbf4bceb099058c20e53595d006bd7b19d61f5b7c60292a7c0bbe4cefde
kap-1402521,kap,dividend,2025-03-07,ALKİM KAĞIT SANAYİ VE TİCARET A.Ş. - Kar Payı Dağıtım İşlemlerine İlişkin Bildirim,https://www.kap.org.tr/tr/Bildirim/1402521,False,4043,ac0c7882da513634d86a68c638005a8d770ec8236f057942cfc651be05e0dfa1
kap-1402870,kap,new-business,2025-03-10,YEO TEKNOLOJİ ENERJİ VE ENDÜSTRİ A.Ş. - Yeni İş İlişkisi,https://www.kap.org.tr/tr/Bildirim/1402870,True,352,e2534b84e92e230256268c079d39ae931de2fa39307508f0bcdc7d8c685e4639
kap-1403775,kap,material-event,2025-03-10,DOĞAN ŞİRKETLER GRUBU HOLDİNG A.Ş. - Özel Durum Açıklaması (Genel),https://www.kap.org.tr/tr/Bildirim/1403775,True,822,005df0e8407e5002bc19c38495889c0644238ce131531bcf98859df03d19d58b
kap-1405020,kap,dividend,2025-03-11,ÇİMENTAŞ İZMİR ÇİMENTO FABRİKASI T.A.Ş. - Kar Payı Dağıtım İşlemlerine İlişkin Bildirim,https://www.kap.org.tr/tr/Bildirim/1405020,False,2981,6de0dbd5b84f25bc0dcef3ae4fc82add22d8961d3445672e6a15ce0a1a577683
kap-1407828,kap,capital-change,2025-03-18,ESCORT TEKNOLOJİ YATIRIM A.Ş. - Sermaye Artırımı - Azaltımı İşlemlerine İlişkin Bildirim,https://www.kap.org.tr/tr/Bildirim/1407828,False,2651,e24b0d108bf368149e3fd82c08c2e419c57d554ee8fc3bfe3d2fa3f114261dcf
kap-1407974,kap,material-event,2025-03-18,AKÇANSA ÇİMENTO SANAYİ VE TİCARET A.Ş. - Özel Durum Açıklaması (Genel),https://www.kap.org.tr/tr/Bildirim/1407974,True,200,589b99013151d7b4432d99ef1423fa0ab38bada3737f4f2b3bc69ae17870a356
kap-1408714,kap,financial-asset-acquisition,2025-03-20,SMART GÜNEŞ ENERJİSİ TEKNOLOJİLERİ ARAŞTIRMA GELİŞTİRME ÜRETİM SANAYİ VE TİCARET A.Ş. - Finansal Duran Varlık Edinimi,https://www.kap.org.tr/tr/Bildirim/1408714,True,303,8485f362edc38578dc00b583bfaa38625a664a36099ba74dad04892329fb6c5f
kap-1408993,kap,financial-asset-acquisition,2025-03-20,AG ANADOLU GRUBU HOLDİNG A.Ş. - Finansal Duran Varlık Edinimi,https://www.kap.org.tr/tr/Bildirim/1408993,True,541,300d322415c0b6255535bc53ef4462736b0a0b554a6927ec533fc8a912c1e10a
kap-1409999,kap,dividend,2025-03-21,POLİTEKNİK METAL SANAYİ VE TİCARET A.Ş. - Kar Payı Dağıtım İşlemlerine İlişkin Bildirim,https://www.kap.org.tr/tr/Bildirim/1409999,False,3644,162bf46054cf7cee96efbb06a8b8e14196b5b4d9344aa8e23666f2870169b6e6
kap-1410131,kap,credit-rating,2025-03-24,SASA POLYESTER SANAYİ A.Ş. - Kredi Derecelendirmesi,https://www.kap.org.tr/tr/Bildirim/1410131,True,327,532b805cc3a25254d36c4e58cd25dab687d752c145c2470c9845f6e89c256e0b
kap-1412362,kap,material-event,2025-03-26,GELECEK VARLIK YÖNETİMİ A.Ş. - Özel Durum Açıklaması (Genel),https://www.kap.org.tr/tr/Bildirim/1412362,True,449,58d9df82cee2e5c18f449f91e8537f676bf47c084b75a9df34224aff3798cbbd
kap-1413636,kap,material-event,2025-03-27,TÜRK PRYSMİAN KABLO VE SİSTEMLERİ A.Ş. - Özel Durum Açıklaması (Genel),https://www.kap.org.tr/tr/Bildirim/1413636,True,562,1ae655ce2f303b4e9c399a008da3bb095b5f7962eca71e0d4ec238a74ae0a785
kap-1414373,kap,dividend,2025-03-28,KARTONSAN KARTON SANAYİ VE TİCARET A.Ş. - Kar Payı Dağıtım İşlemlerine İlişkin Bildirim,https://www.kap.org.tr/tr/Bildirim/1414373,False,5197,205356522f6cd66f2765681db7b90e1b457eee276da9ca2d2f81ebeb6d733525
kap-1414472,kap,new-business,2025-03-28,EKOS TEKNOLOJİ VE ELEKTRİK A.Ş. - Yeni İş İlişkisi,https://www.kap.org.tr/tr/Bildirim/1414472,True,427,8a52d69428caad8bde9b5090bc305a26f82242b9a3b311f25f52cbdb811efb20
kap-1416536,kap,tender,2025-04-02,KUZEY BORU A.Ş. - İhale Süreci / Sonucu,https://www.kap.org.tr/tr/Bildirim/1416536,True,737,59bf7bdf7f0bb51ba51c455a9941abaeacfb1974167783b3d4cb6698936d21d6
kap-1417363,kap,credit-rating,2025-04-04,FORD OTOMOTİV SANAYİ A.Ş. - Kredi Derecelendirmesi,https://www.kap.org.tr/tr/Bildirim/1417363,True,437,c398290fc503a7f5cb160c0f30908f1aa773f1afb9a0d6b3794177bee4af9913
kap-1420165,kap,dividend,2025-04-08,SODAŞ SODYUM SANAYİİ A.Ş. - Kar Payı Dağıtım İşlemlerine İlişkin Bildirim,https://www.kap.org.tr/tr/Bildirim/1420165,False,4713,89f683552002a86db3edc62063a6ae64a9446b95c119461b0a53cdc512cd0435
kap-1420479,kap,material-event,2025-04-08,ALKİM KAĞIT SANAYİ VE TİCARET A.Ş. - Özel Durum Açıklaması (Genel),https://www.kap.org.tr/tr/Bildirim/1420479,True,635,2aba374df338323ed356c044600a1354ca4f4f2b0ff2b199ecff024edd00e9e0
kap-1421633,kap,tender,2025-04-09,ASTOR ENERJİ A.Ş. - İhale Süreci / Sonucu,https://www.kap.org.tr/tr/Bildirim/1421633,True,535,93d7805e530dceee26f811495db7b0b81d88d4903ec6fd4801417f4babb46117
kap-1427297,kap,financial-asset-acquisition,2025-04-17,VESTEL ELEKTRONİK SANAYİ VE TİCARET A.Ş. - Finansal Duran Varlık Edinimi,https://www.kap.org.tr/tr/Bildirim/1427297,True,452,eedcbba16eca45b4631052aebc52600ee4328639e8513f15adbc397f3719e380
kap-1427731,kap,material-event,2025-04-18,DOĞANLAR MOBİLYA GRUBU İMALAT SANAYİ VE TİCARET A.Ş. - Özel Durum Açıklaması (Genel),https://www.kap.org.tr/tr/Bildirim/1427731,True,415,1148f81f54c84416cfcd45cb5ffa20d378d23ee12cc29abf790c23e59dd4b4d7
kap-1427738,kap,material-event,2025-04-18,SARKUYSAN ELEKTROLİTİK BAKIR SANAYİ VE TİCARET A.Ş. - Özel Durum Açıklaması (Genel),https://www.kap.org.tr/tr/Bildirim/1427738,True,539,47143674e1717221fbbede54da27ac10da037cf32d5b846a4f3b16b8b0748bfb
kap-1427778,kap,capital-change,2025-04-19,MAVİ GİYİM SANAYİ VE TİCARET A.Ş. - Sermaye Artırımı - Azaltımı İşlemlerine İlişkin Bildirim,https://www.kap.org.tr/tr/Bildirim/1427778,False,2602,dfc864808877bdfcbea219c40684e00776f7d804067a122bda37478c9eba3e20
kap-1427823,kap,capital-change,2025-04-21,MİSTRAL GAYRİMENKUL YATIRIM ORTAKLIĞI A.Ş. - Sermaye Artırımı - Azaltımı İşlemlerine İlişkin Bildirim,https://www.kap.org.tr/tr/Bildirim/1427823,False,2506,49d6877cdf8b60d079f036f5ffe57cc2cfa834ad404be8d04b4d182a0a31c1f7
kap-1428001,kap,tender,2025-04-21,TAV HAVALİMANLARI HOLDİNG A.Ş. - İhale Süreci / Sonucu,https://www.kap.org.tr/tr/Bildirim/1428001,True,263,fd168814e4c0d71077e0d59ffb477fdc6610f65b3a06eda92a5225b9b59803d5
kap-1428214,kap,dividend,2025-04-21,EFOR ÇAY SANAYİ TİCARET A.Ş. - Kar Payı Dağıtım İşlemlerine İlişkin Bildirim,https://www.kap.org.tr/tr/Bildirim/1428214,False,3923,10abbc72e19dd37bccf7962a354776db71492ce11bcd9fa274a2b53b6aecdfaf
kap-1428557,kap,dividend,2025-04-22,HEDEF HOLDİNG A.Ş. - Kar Payı Dağıtım İşlemlerine İlişkin Bildirim,https://www.kap.org.tr/tr/Bildirim/1428557,False,3573,b32b4e6c35f04fe22d77098cf684301fa96f40f97573509bda68e2f5fde503d1
kap-1428910,kap,tender,2025-04-24,EKOS TEKNOLOJİ VE ELEKTRİK A.Ş. - İhale Süreci / Sonucu,https://www.kap.org.tr/tr/Bildirim/1428910,True,543,0411cc376af8d49594225448793fb46351c0f133c662332947272ca20682b9b0
kap-1429675,kap,material-event,2025-04-25,TUKAŞ GIDA SANAYİ VE TİCARET A.Ş. - Özel Durum Açıklaması (Genel),https://www.kap.org.tr/tr/Bildirim/1429675,True,507,33fe91c73579fd5c7545a6174472091eed2c6108e0e81522525bed3e6229ad49
kap-1429842,kap,credit-rating,2025-04-25,KALESERAMİK ÇANAKKALE KALEBODUR SERAMİK SANAYİ A.Ş. - Kredi Derecelendirmesi,https://www.kap.org.tr/tr/Bildirim/1429842,True,384,8fe45eb91b7b27ff54312ae8a37fd954976f8d98e473f2b080929b9fd209051a
kap-1432049,kap,dividend,2025-04-30,PARDUS GİRİŞİM SERMAYESİ YATIRIM ORTAKLIĞI A.Ş. - Kar Payı Dağıtım İşlemlerine İlişkin Bildirim,https://www.kap.org.tr/tr/Bildirim/1432049,False,2837,424cbbd51bd9f3656b94c2cdd342577927e0b6a340cb19e504a17c6cbf4deca5
kap-1432205,kap,material-event,2025-04-30,AZTEK TEKNOLOJİ ÜRÜNLERİ TİCARET A.Ş. - Özel Durum Açıklaması (Genel),https://www.kap.org.tr/tr/Bildirim/1432205,True,527,e135a226ef6a2ca8c2574df3ed57fc08a3ff671641dccd9b54b5683bc0027e52
kap-1433801,kap,new-business,2025-05-06,BİRLEŞİM MÜHENDİSLİK ISITMA SOĞUTMA HAVALANDIRMA SANAYİ VE TİCARET A.Ş. - Yeni İş İlişkisi,https://www.kap.org.tr/tr/Bildirim/1433801,True,930,bced86a12b2826a6d681e736ecdecbe52419db12a3e4874e3cf1d20e30d3ad79
kap-1433952,kap,financial-asset-acquisition,2025-05-06,MAVİ GİYİM SANAYİ VE TİCARET A.Ş. - Finansal Duran Varlık Edinimi,https://www.kap.org.tr/tr/Bildirim/1433952,True,773,dd7b3cb0b66b379b49281466e5eee09c24b0221316c1b447933765103a8b3ef5
kap-1433994,kap,dividend,2025-05-06,PERA YATIRIM HOLDİNG A.Ş. - Kar Payı Dağıtım İşlemlerine İlişkin Bildirim,https://www.kap.org.tr/tr/Bildirim/1433994,False,3019,535224e4da03c331584e7875e42031d60cd4d938bb6256de7ac0a0d87ccbfd6f
kap-1435017,kap,dividend,2025-05-07,EUROPAP TEZOL KAĞIT SANAYİ VE TİCARET A.Ş. - Kar Payı Dağıtım İşlemlerine İlişkin Bildirim,https://www.kap.org.tr/tr/Bildirim/1435017,False,4989,e83f6a23a51b0ce1680b6016cc6b1051cdb32eb9686e4e524f0a9bcfd83ddb95
kap-1435875,kap,dividend,2025-05-08,KEREVİTAŞ GIDA SANAYİ VE TİCARET A.Ş. - Kar Payı Dağıtım İşlemlerine İlişkin Bildirim,https://www.kap.org.tr/tr/Bildirim/1435875,False,2939,699f14b6b3e5ce37b8021b2c7cd1f5b661629fd5633c48808bfbcb6a1fc12502
kap-1439584,kap,capital-change,2025-05-16,VAKIF FİNANSAL KİRALAMA A.Ş. - Sermaye Artırımı - Azaltımı İşlemlerine İlişkin Bildirim,https://www.kap.org.tr/tr/Bildirim/1439584,False,1815,8fb48b3513ced8a2f5f75ea67c11cd5ba990be26f8ce67724c592672d3351b73
kap-1440590,kap,new-business,2025-05-21,SDT UZAY VE SAVUNMA TEKNOLOJİLERİ A.Ş. - Yeni İş İlişkisi,https://www.kap.org.tr/tr/Bildirim/1440590,True,391,4160a0a31b9c40708bf2a97844b44d8dc55c9cd5d4edc6736c52ffb88f843c21
kap-1441663,kap,financial-asset-acquisition,2025-05-23,ASTOR ENERJİ A.Ş. - Finansal Duran Varlık Edinimi,https://www.kap.org.tr/tr/Bildirim/1441663,True,563,20c1e19d7410637df3986246e36e61f823cf8d7c67cd11ac9436222ccb3f3e04
kap-1441961,kap,capital-change,2025-05-26,NATUREL YENİLENEBİLİR ENERJİ TİCARET A.Ş. - Sermaye Artırımı - Azaltımı İşlemlerine İlişkin Bildirim,https://www.kap.org.tr/tr/Bildirim/1441961,False,2767,a6adc66cf7d3b7f2b79a3fe6e9df0f99b87ff5b8e30ccb1027fdc78c189cd8ab
kap-1442300,kap,material-event,2025-05-27,KALEKİM KİMYEVİ MADDELER SANAYİ VE TİCARET A.Ş. - Özel Durum Açıklaması (Genel),https://www.kap.org.tr/tr/Bildirim/1442300,True,646,d713fa3c9cd8428a58a38ecdc78ce4218ac4caea4c61615d90bedd6d02d8f287
kap-1442724,kap,forward-looking,2025-05-28,AKFEN GAYRİMENKUL YATIRIM ORTAKLIĞI A.Ş. - Geleceğe Dönük Değerlendirmeler,https://www.kap.org.tr/tr/Bildirim/1442724,True,214,02a06d87bc09132922b3ffb1a6218a2325719e181813f38359eaa756fe82af6a
kap-1443252,kap,dividend,2025-05-29,PASİFİK GAYRİMENKUL YATIRIM ORTAKLIĞI A.Ş. - Kar Payı Dağıtım İşlemlerine İlişkin Bildirim,https://www.kap.org.tr/tr/Bildirim/1443252,False,3781,2da47496bad5a9fe9f2195a43ef30e3218b48a33f9e3b593b55ad46157821c43
kap-1443818,kap,dividend,2025-05-30,BAK AMBALAJ SANAYİ VE TİCARET A.Ş. - Kar Payı Dağıtım İşlemlerine İlişkin Bildirim,https://www.kap.org.tr/tr/Bildirim/1443818,False,3665,6700ad74a15ae5efe5dd2b79992c61128bb04dac17bd0265bb283c624a463ba3
kap-1444061,kap,credit-rating,2025-05-30,OTOKAR OTOMOTİV VE SAVUNMA SANAYİ A.Ş. - Kredi Derecelendirmesi,https://www.kap.org.tr/tr/Bildirim/1444061,True,621,f161720027c8b40225e4f2662ff05b0615acdae190d04b6353529152c289de68
kap-1445255,kap,dividend,2025-06-03,İHLAS EV ALETLERİ İMALAT SANAYİ VE TİCARET A.Ş. - Kar Payı Dağıtım İşlemlerine İlişkin Bildirim,https://www.kap.org.tr/tr/Bildirim/1445255,False,3683,0b108b8b2b86d9e2c64e10e5ab42009e0b8629cf52eb21f3557a9839ea5ec04c
kap-1445256,kap,dividend,2025-06-03,İHLAS GAYRİMENKUL PROJE GELİŞTİRME VE TİCARET A.Ş. - Kar Payı Dağıtım İşlemlerine İlişkin Bildirim,https://www.kap.org.tr/tr/Bildirim/1445256,False,3675,5e27c67b5f551e7545b66e555fdb4625ce8f19caefb383d30399246e5c3beace
kap-1447074,kap,new-business,2025-06-10,EFOR ÇAY SANAYİ TİCARET A.Ş. - Yeni İş İlişkisi,https://www.kap.org.tr/tr/Bildirim/1447074,True,503,360dd40b05cced18552bbbc9baba2333c7a8ee6e5d642b8081f52b257bed9f32
kap-1450341,kap,credit-rating,2025-06-19,TÜRKİYE HALK BANKASI A.Ş. - Kredi Derecelendirmesi,https://www.kap.org.tr/tr/Bildirim/1450341,True,442,3eaf7f0f114ba444147aa2b39234bc29f99dda35197203289e7a0d1b29e7bfb8
kap-1451133,kap,new-business,2025-06-23,GİRİŞİM ELEKTRİK SANAYİ TAAHHÜT VE TİCARET A.Ş. - Yeni İş İlişkisi,https://www.kap.org.tr/tr/Bildirim/1451133,True,1336,716cf9b96c51f3cbedf64ac7c13e50e248211e89b4a9c090c052d56cf5e260dd
kap-1451536,kap,forward-looking,2025-06-24,TUKAŞ GIDA SANAYİ VE TİCARET A.Ş. - Geleceğe Dönük Değerlendirmeler,https://www.kap.org.tr/tr/Bildirim/1451536,True,476,39d528b42fbb7a952af2d9c16671a4048fc8c7dacedc0c35aef8518c076d1da0
kap-1451539,kap,credit-rating,2025-06-24,TÜRKİYE VAKIFLAR BANKASI T.A.O. - Kredi Derecelendirmesi,https://www.kap.org.tr/tr/Bildirim/1451539,True,287,2b6536428acbca62a7e3e7d9cf7773f35bebcd5da6ca18cac49785c1a9e73451
kap-1451597,kap,financial-asset-acquisition,2025-06-24,HALK GAYRİMENKUL YATIRIM ORTAKLIĞI A.Ş. - Finansal Duran Varlık Edinimi,https://www.kap.org.tr/tr/Bildirim/1451597,True,992,b2a63a75b43540158b64a2df0088caca546197efea857658514dfcaebe20e61a
kap-1452007,kap,new-business,2025-06-25,DOĞUŞ OTOMOTİV SERVİS VE TİCARET A.Ş. - Yeni İş İlişkisi,https://www.kap.org.tr/tr/Bildirim/1452007,True,237,310ecda1d14074bf6ab11032ee6de038fe4017bbbb7255fd5781e2bfc43706e8
kap-1453487,kap,financial-asset-acquisition,2025-06-30,ATP YAZILIM VE TEKNOLOJİ A.Ş. - Finansal Duran Varlık Edinimi,https://www.kap.org.tr/tr/Bildirim/1453487,True,1175,2d5ac301595692dac8cd44e9123e923470ccb1ca3c2df872c3628cea4678c951
kap-1454020,kap,new-business,2025-07-02,ASELSAN ELEKTRONİK SANAYİ VE TİCARET A.Ş. - Yeni İş İlişkisi,https://www.kap.org.tr/tr/Bildirim/1454020,True,309,4a6ae91f189855ea0bd01b7c799e2ac23e8f650ddb5cedc1486f21b1ec364695
kap-1454243,kap,capital-change,2025-07-02,KATILIMEVİM TASARRUF FİNANSMAN A.Ş. - Sermaye Artırımı - Azaltımı İşlemlerine İlişkin Bildirim,https://www.kap.org.tr/tr/Bildirim/1454243,False,3304,f3a5f8520e9f237f366dc74bd397ceee52179babb7f95018b053faed28c03774
kap-1454421,kap,new-business,2025-07-02,ALFA SOLAR ENERJİ SANAYİ VE TİCARET A.Ş. - Yeni İş İlişkisi,https://www.kap.org.tr/tr/Bildirim/1454421,True,355,27532cba1ace50018f2c22ca84196e3756610c73ef2104782149d282cba13d1d
kap-1454551,kap,new-business,2025-07-03,YEO TEKNOLOJİ ENERJİ VE ENDÜSTRİ A.Ş. - Yeni İş İlişkisi,https://www.kap.org.tr/tr/Bildirim/1454551,True,674,e20cb876ee80e38cbd53d978af760f57b44c73b1bec9b83fc1701593eb04e3b5
kap-1456257,kap,tender,2025-07-04,MEDİTERA TIBBİ MALZEME SANAYİ VE TİCARET A.Ş. - İhale Süreci / Sonucu,https://www.kap.org.tr/tr/Bildirim/1456257,True,616,e15c4f78606b34ee7241c8edc8671fc3cf94442d6a86fe7bb644107b85780b90
kap-1461317,kap,capital-change,2025-07-09,ADESE GAYRİMENKUL YATIRIM A.Ş. - Sermaye Artırımı - Azaltımı İşlemlerine İlişkin Bildirim,https://www.kap.org.tr/tr/Bildirim/1461317,False,3745,e820a055b5741a54cb298eda17177d9f687e82b0b48805365473668e6d4ef413
kap-1463997,kap,dividend,2025-07-16,DERİMOD KONFEKSİYON AYAKKABI DERİ SANAYİ VE TİCARET A.Ş. - Kar Payı Dağıtım İşlemlerine İlişkin Bildirim,https://www.kap.org.tr/tr/Bildirim/1463997,False,3837,b3899099e1a8360c0cff5f7aea074c43f588cf8d98656cef2a1035b9ee4f7f12
kap-1465489,kap,credit-rating,2025-07-22,AKFEN YENİLENEBİLİR ENERJİ A.Ş. - Kredi Derecelendirmesi,https://www.kap.org.tr/tr/Bildirim/1465489,True,874,a9f1a1ce58e6dd8761aae40010eaa80a3fa5000c0c7d49ef7c9d10e2274a8549
kap-1466252,kap,dividend,2025-07-24,KALYON GÜNEŞ TEKNOLOJİLERİ ÜRETİM A.Ş. - Kar Payı Dağıtım İşlemlerine İlişkin Bildirim,https://www.kap.org.tr/tr/Bildirim/1466252,False,2629,5046a57fd10cd138a5f4c62a694c050b863b3a82d45016066c2cba2ccfa0420c
kap-1466689,kap,material-event,2025-07-25,KONTROLMATİK TEKNOLOJİ ENERJİ VE MÜHENDİSLİK A.Ş. - Özel Durum Açıklaması (Genel),https://www.kap.org.tr/tr/Bildirim/1466689,True,550,2472c4b4cad5c664f597a28708f2486f9284c47258ae0e8d471d8b9447a91820
kap-1467539,kap,material-event,2025-07-29,SANİCA ISI SANAYİ A.Ş. - Özel Durum Açıklaması (Genel),https://www.kap.org.tr/tr/Bildirim/1467539,True,339,ff1dc134f4e734748c34e3e77f1b15fc69a7b2751f8fcb2b60359faf674ca3b8
kap-1471383,kap,material-event,2025-08-01,ESCORT TEKNOLOJİ YATIRIM A.Ş. - Özel Durum Açıklaması (Genel),https://www.kap.org.tr/tr/Bildirim/1471383,True,1308,7701d82f7dd9971e28a2d71c955a36be67fb5b18e2d871bd8062a877361c09db
kap-1474309,kap,material-event,2025-08-08,ODİNE SOLUTİONS TEKNOLOJİ TİCARET VE SANAYİ A.Ş. - Özel Durum Açıklaması (Genel),https://www.kap.org.tr/tr/Bildirim/1474309,True,579,8f27211f69504fc40b99d47d5f0e828c22f3b4f8845356222d0d77647d5b2195
kap-1475798,kap,material-event,2025-08-11,MARGÜN ENERJİ ÜRETİM SANAYİ VE TİCARET A.Ş. - Özel Durum Açıklaması (Genel),https://www.kap.org.tr/tr/Bildirim/1475798,True,2504,f2307fb5bfdc1f94dd490c19b9e829b6f64c73832395ba872742c5b526ea7382
kap-1477053,kap,credit-rating,2025-08-12,ALFA SOLAR ENERJİ SANAYİ VE TİCARET A.Ş. - Kredi Derecelendirmesi,https://www.kap.org.tr/tr/Bildirim/1477053,True,353,33ffea8d67d1ae881aaf4cf14aff4609afab0ef347626898d06312fee7c6c517
kap-1479331,kap,material-event,2025-08-15,SUWEN TEKSTİL SANAYİ PAZARLAMA A.Ş. - Özel Durum Açıklaması (Genel),https://www.kap.org.tr/tr/Bildirim/1479331,True,215,3df1dca05b5b7a4a033e703f298846f69361c8998211f2698a9b3350391793bf
kap-1479476,kap,forward-looking,2025-08-15,BORUSAN BİRLEŞİK BORU FABRİKALARI SANAYİ VE TİCARET A.Ş. - Geleceğe Dönük Değerlendirmeler,https://www.kap.org.tr/tr/Bildirim/1479476,True,483,58617a67f4ee08f264c7329cb7b3359d065fed27c336ab9f2277f2ff0e2915b6
kap-1479909,kap,capital-change,2025-08-18,ETİLER GIDA VE TİCARİ YATIRIMLAR SANAYİ VE TİCARET A.Ş. - Sermaye Artırımı - Azaltımı İşlemlerine İlişkin Bildirim,https://www.kap.org.tr/tr/Bildirim/1479909,False,2048,44c5a366eb0dd2e77b7b6c7f16c0c868bf2f6a346d3632e80939d76c7f11fa96
kap-1481708,kap,capital-change,2025-08-21,ENSARİ SINAİ YATIRIMLAR A.Ş. - Sermaye Artırımı - Azaltımı İşlemlerine İlişkin Bildirim,https://www.kap.org.tr/tr/Bildirim/1481708,False,2735,57118099c8f2285c3352030bd53d2d25e333ce195df6e6cc01bf5ef80a71ecfe
kap-1482657,kap,material-event,2025-08-26,YAPI VE KREDİ BANKASI A.Ş. - Özel Durum Açıklaması (Genel),https://www.kap.org.tr/tr/Bildirim/1482657,True,573,90b5fe43b2e7402e4b8863b92b2050fa3563ee8dfbd74a07bba80c3ba142d80a
kap-1490098,kap,new-business,2025-09-16,DOF ROBOTİK SANAYİ A.Ş. - Yeni İş İlişkisi,https://www.kap.org.tr/tr/Bildirim/1490098,True,1208,0220df9c6cebee0b02c43a9844310ff1bed92ab58d235d90440acc93bcf400cb
kap-1490158,kap,material-event,2025-09-16,TUREKS TURUNÇ MADENCİLİK İÇ VE DIŞ TİCARET A.Ş. - Özel Durum Açıklaması (Genel),https://www.kap.org.tr/tr/Bildirim/1490158,True,876,3dfde2f337147a350dd057b97c986a62ec078d3788b923193379892498b1fca4
kap-1491077,kap,capital-change,2025-09-19,YEŞİL GAYRİMENKUL YATIRIM ORTAKLIĞI A.Ş. - Sermaye Artırımı - Azaltımı İşlemlerine İlişkin Bildirim,https://www.kap.org.tr/tr/Bildirim/1491077,False,2422,e3ff175951a950297dc43a49adf0ad93dd073a3373db41a1efabfc82021f71bf
kap-1491713,kap,tender,2025-09-22,FONET BİLGİ TEKNOLOJİLERİ A.Ş. - İhale Süreci / Sonucu,https://www.kap.org.tr/tr/Bildirim/1491713,True,276,4e63f48e57f5903cfc62064f1ba8d66bcd6605d00973eafb952e9e55294311a7
kap-1492336,kap,material-event,2025-09-23,TEKFEN HOLDİNG A.Ş. - Özel Durum Açıklaması (Genel),https://www.kap.org.tr/tr/Bildirim/1492336,True,583,78b3de2b4f8c3be232500e6028aed95704a62b253dd476b7e6436c06b6bf9022
kap-1492704,kap,financial-asset-acquisition,2025-09-24,TÜRK TELEKOMÜNİKASYON A.Ş. - Finansal Duran Varlık Edinimi,https://www.kap.org.tr/tr/Bildirim/1492704,True,205,054151acf099ba97137f2a8555adf4a26dd6785ef481c025f9632e229738fb10
kap-1492708,kap,tender,2025-09-24,TURKCELL İLETİŞİM HİZMETLERİ A.Ş. - İhale Süreci / Sonucu,https://www.kap.org.tr/tr/Bildirim/1492708,True,426,325b9bd6f23dde36d5bed9e1aafb6ecfc94dfd38898f696ad6534ce71d2bd5a6
kap-1492834,kap,material-event,2025-09-25,ANADOLU EFES BİRACILIK VE MALT SANAYİİ A.Ş. - Özel Durum Açıklaması (Genel),https://www.kap.org.tr/tr/Bildirim/1492834,True,400,c5b069d477020b5e505d5f9d0f3e44f24d536d6a9fbadebd86c41aefd3f6f22b
kap-1497131,kap,material-event,2025-10-06,TÜRKİYE HALK BANKASI A.Ş. - Özel Durum Açıklaması (Genel),https://www.kap.org.tr/tr/Bildirim/1497131,True,980,20bbf2f51b7cf8b9c732aca8a83c5d464b4431c7eb8ee949f6802e81486a4221
kap-1505141,kap,tender,2025-10-16,TÜRK TELEKOMÜNİKASYON A.Ş. - İhale Süreci / Sonucu,https://www.kap.org.tr/tr/Bildirim/1505141,True,1546,d1a4f51ba1b46cace192f5d887f7f290a18136319543fe22097ba607b6a0762c
kap-1506137,kap,material-event,2025-10-20,TÜRKİYE GARANTİ BANKASI A.Ş. - Özel Durum Açıklaması (Genel),https://www.kap.org.tr/tr/Bildirim/1506137,True,458,d31614f2f3c36490b2d5520401cbbab8ec637c14e2ed751ae36e7a7794a9e75f
kap-1506161,kap,new-business,2025-10-20,TOFAŞ TÜRK OTOMOBİL FABRİKASI A.Ş. - Yeni İş İlişkisi,https://www.kap.org.tr/tr/Bildirim/1506161,True,1184,08b6c817fef0df88f143c7c921f40c77dd14f80a5fe848eeaf23768325929f79
kap-1506595,kap,new-business,2025-10-22,DOF ROBOTİK SANAYİ A.Ş. - Yeni İş İlişkisi,https://www.kap.org.tr/tr/Bildirim/1506595,True,726,34daa4c5a1ebf9fea9d461fb5afa36418688fcda23b0acc2b2c1c47df9f1e4cf
kap-1506861,kap,material-event,2025-10-22,KARDEMİR KARABÜK DEMİR ÇELİK SANAYİ VE TİCARET A.Ş. - Özel Durum Açıklaması (Genel),https://www.kap.org.tr/tr/Bildirim/1506861,True,389,8c47e27cc00cdc32854a3359e8926cf0cf83bbf66e844ef55c08dd9ebabdb7be
kap-1507920,kap,tender,2025-10-24,GİRİŞİM ELEKTRİK SANAYİ TAAHHÜT VE TİCARET A.Ş. - İhale Süreci / Sonucu,https://www.kap.org.tr/tr/Bildirim/1507920,True,1696,cb577a8f03a5f4944908bc7d768ac18e358cdcfe95c85ac3f3e146e443da0b8f
kap-1508013,kap,credit-rating,2025-10-24,EİS ECZACIBAŞI İLAÇ SINAİ VE FİNANSAL YATIRIMLAR SANAYİ VE TİCARET A.Ş. - Kredi Derecelendirmesi,https://www.kap.org.tr/tr/Bildirim/1508013,True,631,8d593dda4468f76ce14f1235c08f807f689dc28bdc5e5bbe5a8880e88ce3355f
kap-1508552,kap,financial-asset-acquisition,2025-10-27,ZORLU ENERJİ ELEKTRİK ÜRETİM A.Ş. - Finansal Duran Varlık Edinimi,https://www.kap.org.tr/tr/Bildirim/1508552,True,529,f1cd2dad9d322c76c239af501fc1725b8e65ef28625ea8e317d4b44da3e8478d
kap-1508576,kap,material-event,2025-10-28,MARGÜN ENERJİ ÜRETİM SANAYİ VE TİCARET A.Ş. - Özel Durum Açıklaması (Genel),https://www.kap.org.tr/tr/Bildirim/1508576,True,1540,e1aaf3a309eb2362d289151af304e24cc29bf7c6a80ef7b67f96b766ff62fb5f
kap-1509237,kap,forward-looking,2025-10-30,ENERJİSA ENERJİ A.Ş. - Geleceğe Dönük Değerlendirmeler,https://www.kap.org.tr/tr/Bildirim/1509237,True,1014,c378f8627ce5d667c4cd249dcc96a2d8f32ebd7d08464d99d445163d88ebf396
kap-1509645,kap,new-business,2025-10-31,BORUSAN BİRLEŞİK BORU FABRİKALARI SANAYİ VE TİCARET A.Ş. - Yeni İş İlişkisi,https://www.kap.org.tr/tr/Bildirim/1509645,True,862,17c80c2f89eb0355c058cddb2f368fcb26f9fe685044876027472db220cdbe84
kap-1510763,kap,capital-change,2025-11-03,YEŞİL YAPI ENDÜSTRİSİ A.Ş. - Sermaye Artırımı - Azaltımı İşlemlerine İlişkin Bildirim,https://www.kap.org.tr/tr/Bildirim/1510763,False,3756,f715b24bbfd8a82c887496370c61e2723029fc15f97cd7bea48e4364f4ad848d
kap-1511821,kap,forward-looking,2025-11-05,FORD OTOMOTİV SANAYİ A.Ş. - Geleceğe Dönük Değerlendirmeler,https://www.kap.org.tr/tr/Bildirim/1511821,True,368,e7bab82ea4c94d7a1af416cb8586145d834a9a0c8f25c084b945757a73b7ad94
kap-1511897,kap,forward-looking,2025-11-05,KALEKİM KİMYEVİ MADDELER SANAYİ VE TİCARET A.Ş. - Geleceğe Dönük Değerlendirmeler,https://www.kap.org.tr/tr/Bildirim/1511897,True,340,55cf8e80aa97308d83cd9cb06057fa98a0d8ff9c75e94267604ed1a6529bf580
kap-1512451,kap,forward-looking,2025-11-06,ANADOLU ISUZU OTOMOTİV SANAYİ VE TİCARET A.Ş. - Geleceğe Dönük Değerlendirmeler,https://www.kap.org.tr/tr/Bildirim/1512451,True,1044,9aa31f4c7e814004c420cbb11bd233e3fc159412f2a286bcbb3f806e8d0f6aa7
kap-1512758,kap,new-business,2025-11-07,İNDEKS BİLGİSAYAR SİSTEMLERİ MÜHENDİSLİK SANAYİ VE TİCARET A.Ş. - Yeni İş İlişkisi,https://www.kap.org.tr/tr/Bildirim/1512758,True,507,be4f26bfeb68cf3c3e56fa20e2d8c7a655a3317e946d4c715278806dce6b7f72
kap-1513191,kap,material-event,2025-11-07,INVEO YATIRIM HOLDİNG A.Ş. - Özel Durum Açıklaması (Genel),https://www.kap.org.tr/tr/Bildirim/1513191,True,1620,1e6b577e25acf35602a273143eaee037a5600e60ce5dc472bc1750c885b9c66f
kap-1513382,kap,capital-change,2025-11-07,LİNK BİLGİSAYAR SİSTEMLERİ YAZILIMI VE DONANIMI SANAYİ VE TİCARET A.Ş. - Sermaye Artırımı - Azaltımı İşlemlerine İlişkin Bildirim,https://www.kap.org.tr/tr/Bildirim/1513382,False,4015,6ea5babee6476a8deab8d28c146dcc81fa725e1097d8c12f17a29a91cedd1588
kap-1514786,kap,material-event,2025-11-10,GEDİK YATIRIM MENKUL DEĞERLER A.Ş. - Özel Durum Açıklaması (Genel),https://www.kap.org.tr/tr/Bildirim/1514786,True,490,b82d8280cc71a7a1c729587d556cbe17e419b686503031412178d01b31dad087
kap-1515178,kap,new-business,2025-11-11,ASELSAN ELEKTRONİK SANAYİ VE TİCARET A.Ş. - Yeni İş İlişkisi,https://www.kap.org.tr/tr/Bildirim/1515178,True,315,50ef619a611442babe28cca3a6eeb336416bb7259131fa2f9c0e70ce58eb3d1a
kap-1516635,kap,credit-rating,2025-11-13,BORLEASE OTOMOTİV A.Ş. - Kredi Derecelendirmesi,https://www.kap.org.tr/tr/Bildirim/1516635,True,1097,7fe79258609e0a0afc48b6381d827e2a67ed6ec08d366adedf76d434ddb75fcc
kap-1517454,kap,material-event,2025-11-17,EGE ENDÜSTRİ VE TİCARET A.Ş. - Özel Durum Açıklaması (Genel),https://www.kap.org.tr/tr/Bildirim/1517454,True,574,1552e45f1db6ab00fd2996d986294bd866384bf317c8281ffefd54f8a8de1b2b
kap-1518173,kap,forward-looking,2025-11-19,SARKUYSAN ELEKTROLİTİK BAKIR SANAYİ VE TİCARET A.Ş. - Geleceğe Dönük Değerlendirmeler,https://www.kap.org.tr/tr/Bildirim/1518173,True,2782,d0ad27bd06e259f6becbe319d58860858eebb86f17476196ba9d93267e58ed6c
kap-1520016,kap,tender,2025-11-25,FONET BİLGİ TEKNOLOJİLERİ A.Ş. - İhale Süreci / Sonucu,https://www.kap.org.tr/tr/Bildirim/1520016,True,304,1569b004e74de171c30f882cd95933c88eeb7963d0816a376516915a9da9bee6
kap-1520467,kap,financial-asset-acquisition,2025-11-26,KAFEİN YAZILIM HİZMETLERİ TİCARET A.Ş. - Finansal Duran Varlık Edinimi,https://www.kap.org.tr/tr/Bildirim/1520467,True,777,31dbec7224407b679e86f8085b919e61451bf91da82ae9768dfc8d5b30543278
kap-1522453,kap,forward-looking,2025-12-03,KALESERAMİK ÇANAKKALE KALEBODUR SERAMİK SANAYİ A.Ş. - Geleceğe Dönük Değerlendirmeler,https://www.kap.org.tr/tr/Bildirim/1522453,True,355,ac77d18b56dd7a10750d2e35c03907f2fecc7c7ee921ed7e526994dde5a14c8d
kap-1523811,kap,material-event,2025-12-05,GEN İLAÇ VE SAĞLIK ÜRÜNLERİ SANAYİ VE TİCARET A.Ş. - Özel Durum Açıklaması (Genel),https://www.kap.org.tr/tr/Bildirim/1523811,True,208,2bbe0c0250f697ee51e23fa6a75503de1e62e3f4769266daf4ac49c351d42afc
kap-1525834,kap,financial-asset-acquisition,2025-12-11,AGROTECH YÜKSEK TEKNOLOJİ VE YATIRIM A.Ş. - Finansal Duran Varlık Edinimi,https://www.kap.org.tr/tr/Bildirim/1525834,True,2434,88af921e742f0bd53f5bbd9ea82a76c87ed870c9629db2e114be3ae697c8b2ce
kap-1526088,kap,financial-asset-acquisition,2025-12-12,PEGASUS HAVA TAŞIMACILIĞI A.Ş. - Finansal Duran Varlık Edinimi,https://www.kap.org.tr/tr/Bildirim/1526088,True,473,56bdc620cfade5a74aa845e3132ffe318d09aa72aaa20fed3d8a6c9de876da35
kap-1527194,kap,credit-rating,2025-12-16,PEGASUS HAVA TAŞIMACILIĞI A.Ş. - Kredi Derecelendirmesi,https://www.kap.org.tr/tr/Bildirim/1527194,True,603,491bfc8440bd4c603b45950e310f53305aae0ccd6f1e933c2879f3561195f3b8
kap-1527503,kap,material-event,2025-12-17,EMLAK KONUT GAYRİMENKUL YATIRIM ORTAKLIĞI A.Ş. - Özel Durum Açıklaması (Genel),https://www.kap.org.tr/tr/Bildirim/1527503,True,616,909a79c6375c804e43aa4d0cdf5938900d80e54fd9061a268b805018bd38fabe
kap-1528862,kap,new-business,2025-12-23,SDT UZAY VE SAVUNMA TEKNOLOJİLERİ A.Ş. - Yeni İş İlişkisi,https://www.kap.org.tr/tr/Bildirim/1528862,True,415,4d1c049b9f7cdc2481b53b572c9c30d5d4954c401fdd5bd75eedf4a14797fbe4
kap-1530811,kap,credit-rating,2025-12-29,KİMTEKS POLİÜRETAN SANAYİ VE TİCARET A.Ş. - Kredi Derecelendirmesi,https://www.kap.org.tr/tr/Bildirim/1530811,True,520,a92f37efce8d284823e1d0d09af2f496e39c6c9a8586914e8a0700d0f2256f96
kap-1530823,kap,material-event,2025-12-29,KAFEİN YAZILIM HİZMETLERİ TİCARET A.Ş. - Özel Durum Açıklaması (Genel),https://www.kap.org.tr/tr/Bildirim/1530823,True,470,05097aef999a6f0727e0b3982ed6fd6fac93dd7d54ce68ee93ba002d2a96ba23
kap-1530939,kap,material-event,2025-12-30,BAREM AMBALAJ SANAYİ VE TİCARET A.Ş. - Özel Durum Açıklaması (Genel),https://www.kap.org.tr/tr/Bildirim/1530939,True,382,208cc4d5c32c54e57cf36be5d230868aecbdf59cecbf717d213cdb22ebdd0d5a
kap-1531275,kap,credit-rating,2025-12-30,BİRLEŞİM MÜHENDİSLİK ISITMA SOĞUTMA HAVALANDIRMA SANAYİ VE TİCARET A.Ş. - Kredi Derecelendirmesi,https://www.kap.org.tr/tr/Bildirim/1531275,True,796,dcaf47dc049c50b54e18e2de82b384260c830530b2b0ed7bc9c6b4c7eab4853a
kap-1531442,kap,tender,2025-12-31,TÜRK PRYSMİAN KABLO VE SİSTEMLERİ A.Ş. - İhale Süreci / Sonucu,https://www.kap.org.tr/tr/Bildirim/1531442,True,1142,32d2ddcfd3c1d578d70cc9da184d35846c63ddc09e01d5927daa13dad9286802
kap-1531869,kap,financial-asset-acquisition,2025-12-31,TURCAS HOLDİNG A.Ş. - Finansal Duran Varlık Edinimi,https://www.kap.org.tr/tr/Bildirim/1531869,True,2544,7d5416795870a6b36c17ab9c9fe5ccc50ae987734a5593a8d93ba2e06d579e91
mevzuat-1.5.5411,mevzuat,BDDK-kanun,2005-11-01,BANKACILIK KANUNU,https://www.mevzuat.gov.tr/mevzuat?MevzuatNo=5411&MevzuatTur=1&MevzuatTertip=5,False,322333,d979226f82c09ec7592b9f0a7a4ac1aceaa652862954c513bb7417d368c514e6
mevzuat-1.5.6362,mevzuat,SPK-kanun,2012-12-30,SERMAYE PİYASASI KANUNU,https://www.mevzuat.gov.tr/mevzuat?MevzuatNo=6362&MevzuatTur=1&MevzuatTertip=5,False,313738,543bf9c263739a8fe115e25783afaa9ae65d67390b2666ff5c72a718b598d877
mevzuat-7.5.10224,mevzuat,BDDK-yonetmelik,2006-04-28,FİNANSAL SEKTÖR KOMİSYONUNUN ÇALIŞMA USÛL VE ESASLARI HAKKINDA YÖNETMELİK,https://www.mevzuat.gov.tr/mevzuat?MevzuatNo=10224&MevzuatTur=7&MevzuatTertip=5,False,3154,6011a695718bde4713b97888561f2e8d6968607b7247ea9fdcdd11ea83cd65f3
mevzuat-7.5.10494,mevzuat,BDDK-yonetmelik,2006-07-12,BANKACILIK DÜZENLEME VE DENETLEME KURULUNUN ÇALIŞMA USUL VE ESASLARINA İLİŞKİN YÖNETMELİK,https://www.mevzuat.gov.tr/mevzuat?MevzuatNo=10494&MevzuatTur=7&MevzuatTertip=5,False,10960,2b6b3ee2a0ae0afe17213f620f63f6fa8e53907d87e4b2dcfe865df401f4809a
mevzuat-7.5.10522,mevzuat,BDDK-yonetmelik,2006-07-22,BANKACILIK DÜZENLEME VE DENETLEME KURUMU TARAFINDAN YAPILACAK DENETİME İLİŞKİN USUL VE ESASLAR HAKKINDA YÖNETMELİK,https://www.mevzuat.gov.tr/mevzuat?MevzuatNo=10522&MevzuatTur=7&MevzuatTertip=5,False,26847,d965d9364b1ea1079dfcb279b1ea351e80ea9f5ff7d3cc5d9f7bd6f7cd0e8ff9
mevzuat-7.5.10731,mevzuat,BDDK-yonetmelik,2006-11-01,YABANCI PARA NET GENEL POZİSYON/ÖZKAYNAK STANDART ORANININ BANKALARCA KONSOLİDE VE KONSOLİDE OLMAYAN BAZDA HESAPLANMASI VE UYGULANMASI HAKKINDA YÖNETMELİK,https://www.mevzuat.gov.tr/mevzuat?MevzuatNo=10731&MevzuatTur=7&MevzuatTertip=5,False,13100,cee290d9d3b107ca1fa51749e38b662d62026b1b779f8cd39d501421042227b8
mevzuat-7.5.10732,mevzuat,BDDK-yonetmelik,2006-11-01,FİNANSAL HOLDİNG ŞİRKETLERİ HAKKINDA YÖNETMELİK,https://www.mevzuat.gov.tr/mevzuat?MevzuatNo=10732&MevzuatTur=7&MevzuatTertip=5,False,21039,6f270bbb4b9fe1020a1509202043ffc4e6f31c995fc005d1af3c660b3b378129
mevzuat-7.5.10733,mevzuat,BDDK-yonetmelik,2006-11-01,BANKALARIN İRADİ TASFİYELERİ HAKKINDA YÖNETMELİK,https://www.mevzuat.gov.tr/mevzuat?MevzuatNo=10733&MevzuatTur=7&MevzuatTertip=5,False,6912,d1941447ba72fe10187a720c1302ad9d702d938a69476487149e4edef8cf5bff
mevzuat-7.5.10735,mevzuat,BDDK-yonetmelik,2006-11-01,"MEVDUAT VE KATILIM FONUNUN KABULÜNE, ÇEKİLMESİNE VE ZAMANAŞIMINA UĞRAYAN MEVDUAT, KATILIM FONU, EMANET VE ALACAKLARA İLİŞKİN USUL VE ESASLAR HAKKINDA YÖNETMELİK",https://www.mevzuat.gov.tr/mevzuat?MevzuatNo=10735&MevzuatTur=7&MevzuatTertip=5,False,19294,1357d50824934a003f97c2553cd114f822a75d1d2dd817a5b377c32262ce146a
mevzuat-7.5.10736,mevzuat,BDDK-yonetmelik,2006-11-01,BANKALARCA YILLIK FAALİYET RAPORUNUN HAZIRLANMASINA VE YAYIMLANMASINA İLİŞKİN USUL VE ESASLAR HAKKINDA YÖNETMELİK,https://www.mevzuat.gov.tr/mevzuat?MevzuatNo=10736&MevzuatTur=7&MevzuatTertip=5,False,12320,ab5e1f576ea390c72bfd026e5febd48eaa73e936eafe091fc169704c08c2215f
mevzuat-7.5.10737,mevzuat,BDDK-yonetmelik,2006-11-01,"BANKALARIN ÜST YÖNETİMİNE ATANACAKLARIN BİLDİRİMİ, YEMİN VE MAL BEYANINDA BULUNULMASI VE KARAR DEFTERLERİNİN TUTULMASINA İLİŞKİN USUL VE ESASLAR HAKKINDA YÖNETMELİK",https://www.mevzuat.gov.tr/mevzuat?MevzuatNo=10737&MevzuatTur=7&MevzuatTertip=5,False,16653,2e548bd13baba281b4c79e467a2901acf3b3cbc23a0279b9ffcde5bb6293ea43
mevzuat-7.5.10739,mevzuat,BDDK-yonetmelik,2006-11-01,BANKALAR VE KONSOLİDE DENETİME TABİ KURULUŞLARCA YAPILABİLECEK BAĞIŞ VE YARDIMLARA İLİŞKİN YÖNETMELİK,https://www.mevzuat.gov.tr/mevzuat?MevzuatNo=10739&MevzuatTur=7&MevzuatTertip=5,False,5262,b743e7e7d3bdcb4be7687b1acfdb1534657de7e4d1dd4d3f9aa8067ad9f70a6c
mevzuat-7.5.10742,mevzuat,BDDK-yonetmelik,2006-11-01,"BANKALARIN BİRLEŞME, DEVİR, BÖLÜNME VE HİSSE DEĞİŞİMİ HAKKINDA YÖNETMELİK",https://www.mevzuat.gov.tr/mevzuat?MevzuatNo=10742&MevzuatTur=7&MevzuatTertip=5,False,27662,f03d88494226a045345559facba45d67bfba77c242c901770d0e430f3d5c9b59
mevzuat-7.5.10746,mevzuat,BDDK-yonetmelik,2006-11-01,BANKALARIN İZNE TABİ İŞLEMLERİ İLE DOLAYLI PAY SAHİPLİĞİNE İLİŞKİN YÖNETMELİK,https://www.mevzuat.gov.tr/mevzuat?MevzuatNo=10746&MevzuatTur=7&MevzuatTertip=5,False,46319,5ba42c105d631aad755957d89c1d88a3b5694ad7903917edcf4265b0f3cd6e80
mevzuat-7.5.10747,mevzuat,BDDK-yonetmelik,2006-11-01,BANKALARIN MUHASEBE UYGULAMALARINA VE BELGELERİN SAKLANMASINA İLİŞKİN USUL VE ESASLAR HAKKINDA YÖNETMELİK,https://www.mevzuat.gov.tr/mevzuat?MevzuatNo=10747&MevzuatTur=7&MevzuatTertip=5,False,17867,fce24de8ea41c2488572b33a3ede9bf8cec916ad5bdf41083d1755cb4f970dcd
mevzuat-7.5.10749,mevzuat,BDDK-yonetmelik,2006-11-01,BANKALARIN LİKİDİTE YETERLİLİĞİNİN ÖLÇÜLMESİNE VE DEĞERLENDİRİLMESİNE İLİŞKİN YÖNETMELİK,https://www.mevzuat.gov.tr/mevzuat?MevzuatNo=10749&MevzuatTur=7&MevzuatTertip=5,False,17266,9273e7e8944a35b73742ed07cbbec60ac9c753a1411baf86891dca5540a99d8a
mevzuat-7.5.10750,mevzuat,BDDK-yonetmelik,2006-11-01,BANKALARIN KURUMSAL YÖNETİM İLKELERİNE İLİŞKİN YÖNETMELİK,https://www.mevzuat.gov.tr/mevzuat?MevzuatNo=10750&MevzuatTur=7&MevzuatTertip=5,False,15784,a9b5afcb79411465ac7be7ba3bc5c1262933310d61092fd711d572c367ceee01
mevzuat-7.5.11057,mevzuat,BDDK-yonetmelik,2007-01-31,"FİNANSAL YENİDEN YAPILANDIRMA ÇERÇEVE ANLAŞMALARININ ONAYLANMASI, KABULÜ VE UYGULANMASINA İLİŞKİN GENEL ŞARTLAR HAKKINDA YÖNETMELİK",https://www.mevzuat.gov.tr/mevzuat?MevzuatNo=11057&MevzuatTur=7&MevzuatTertip=5,False,12657,a130020697a03fa7e67836b9766bdc43bfd4dd8701a5783b08bf0406eb4852f0
mevzuat-7.5.11069,mevzuat,BDDK-yonetmelik,2007-02-02,"BANKACILIK DÜZENLEME VE DENETLEME KURULU ÜYELERİ İLE BANKACILIK DÜZENLEME VE DENETLEME KURUMU PERSONELİNİN UYACAKLARI MESLEKÎ VE ETİK İLKELERE DAİR YÖNETMELİK 

BİRİNCİ BÖLÜM",https://www.mevzuat.gov.tr/mevzuat?MevzuatNo=11069&MevzuatTur=7&MevzuatTertip=5,False,9482,06fbb047c3ac695c4615ede1bb046da3231455759c31ea797cdeca4cced96818
mevzuat-7.5.11085,mevzuat,BDDK-yonetmelik,2007-02-10,BANKACILIK DÜZENLEME VE DENETLEME KURUMU İNSAN KAYNAKLARI YÖNETMELİĞİ,https://www.mevzuat.gov.tr/mevzuat?MevzuatNo=11085&MevzuatTur=7&MevzuatTertip=5,False,31587,36831be4165d9ab8413533c3c264888925a419fca02ec796d529e6fc9e8b79f8
mevzuat-7.5.11180,mevzuat,BDDK-yonetmelik,2007-03-10,BANKA KARTLARI VE KREDİ KARTLARI HAKKINDA YÖNETMELİK,https://www.mevzuat.gov.tr/mevzuat?MevzuatNo=11180&MevzuatTur=7&MevzuatTertip=5,False,80680,b33e4a1aa3e3df36e2ef349404a59722c593cd5282873339b374d73710081717
mevzuat-7.5.11203,mevzuat,BDDK-yonetmelik,2007-03-23,"BANKACILIK DÜZENLEME VE DENETLEME KURUMU MESLEK PERSONELİNİN YARIŞMA, YETKİ VE YETERLİK SINAVLARI İLE ÇALIŞMA USUL VE ESASLARINA DAİR YÖNETMELİK",https://www.mevzuat.gov.tr/mevzuat?MevzuatNo=11203&MevzuatTur=7&MevzuatTertip=5,False,50728,d4f75b24d8861d4a6c82fc7affdd129cb2110a5b42c3ed9381d67bd4c767d335
mevzuat-7.5.14219,mevzuat,SPK-yonetmelik,2010-08-18,İSTANBUL MENKUL KIYMETLER BORSASI TEFTİŞ VE GÖZETİM KURULU YÖNETMELİĞİ,https://www.mevzuat.gov.tr/mevzuat?MevzuatNo=14219&MevzuatTur=7&MevzuatTertip=5,False,21982,cb288e81882b026f30da804f436e527f0fab3b4471b88b87113aec4a70e4ae6d
mevzuat-7.5.15323,mevzuat,BDDK-yonetmelik,2011-09-23,BANKACILIK DÜZENLEME VE DENETLEME KURUMU PERSONELİ GÖREVDE YÜKSELME VE UNVAN DEĞİŞİKLİĞİ YÖNETMELİĞİ,https://www.mevzuat.gov.tr/mevzuat?MevzuatNo=15323&MevzuatTur=7&MevzuatTertip=5,False,20310,d1ada0c42d537eec69fb19cbd9782adcc78cc2fbc7a9cf9dd97f69e0a58fccdf
mevzuat-7.5.15481,mevzuat,BDDK-yonetmelik,2011-11-05,BANKALARIN DESTEK HİZMETİ ALMALARINA  İLİŞKİN YÖNETMELİK,https://www.mevzuat.gov.tr/mevzuat?MevzuatNo=15481&MevzuatTur=7&MevzuatTertip=5,False,21234,b79ad5f2d6e52c345fc908778243fd33054703994fbaeafe5a7fedb53d07ff13
mevzuat-7.5.16071,mevzuat,BDDK-yonetmelik,2012-04-17,DERECELENDİRME KURULUŞLARININ YETKİLENDİRİLMESİNE VE FAALİYETLERİNE İLİŞKİN ESASLAR HAKKINDA YÖNETMELİK,https://www.mevzuat.gov.tr/mevzuat?MevzuatNo=16071&MevzuatTur=7&MevzuatTertip=5,False,93324,03c4e94d0a38b6683a01f9d3583850dd7a8ca14feb35d10e3246d753ebe0fd08
mevzuat-7.5.17200,mevzuat,SPK-yonetmelik,2013-03-13,EMEKLİLİK YATIRIM FONLARININ KURULUŞ VE FAALİYETLERİNE İLİŞKİN ESASLAR HAKKINDA YÖNETMELİK,https://www.mevzuat.gov.tr/mevzuat?MevzuatNo=17200&MevzuatTur=7&MevzuatTertip=5,False,62368,0a54fe6df901c970c8e9fe5170f901ffce0245b5f4d9d72beaf0da98c6a52165
mevzuat-7.5.18312,mevzuat,BDDK-yonetmelik,2013-04-24,"FİNANSAL KİRALAMA, FAKTORİNG VE FİNANSMAN ŞİRKETLERİNİN KURULUŞ VE FAALİYET ESASLARI HAKKINDA YÖNETMELİK",https://www.mevzuat.gov.tr/mevzuat?MevzuatNo=18312&MevzuatTur=7&MevzuatTertip=5,False,38718,39a3f09cbc365d4f45fc1d14d7920d0f53a70d6dcf90e86bd1818837f8eddbb2
mevzuat-7.5.18413,mevzuat,SPK-yonetmelik,2013-05-30,MERKEZİ TAKAS KURULUŞLARININ KURULUŞ VE ÇALIŞMA ESASLARI HAKKINDA GENEL YÖNETMELİK,https://www.mevzuat.gov.tr/mevzuat?MevzuatNo=18413&MevzuatTur=7&MevzuatTertip=5,False,104394,cfe7ef306efcc168be1f6d922593bdb7f5b65dfd04ae018add3b6a8ed4c48963
mevzuat-7.5.18598,mevzuat,SPK-yonetmelik,2013-07-18,İSTANBUL TAKAS VE SAKLAMA BANKASI ANONİM ŞİRKETİ MERKEZİ TAKAS YÖNETMELİĞİ,https://www.mevzuat.gov.tr/mevzuat?MevzuatNo=18598&MevzuatTur=7&MevzuatTertip=5,False,58032,76571cdaca8c188e7e90f0c820840107c0ac98dec2e62835670eb70c4b109d12
mevzuat-7.5.18608,mevzuat,SPK-yonetmelik,2013-07-19,"BORSALAR VE PİYASA İŞLETİCİLERİNİN KURULUŞ, FAALİYET, ÇALIŞMA VE DENETİM ESASLARI HAKKINDA YÖNETMELİK",https://www.mevzuat.gov.tr/mevzuat?MevzuatNo=18608&MevzuatTur=7&MevzuatTertip=5,False,47355,58fa66eefb6c0934a1b593a9735b685f3034ea564a25430c56e052768aa75193
mevzuat-7.5.18722,mevzuat,SPK-yonetmelik,2013-08-14,İSTANBUL TAKAS VE SAKLAMA BANKASI ANONİM ŞİRKETİ MERKEZİ KARŞI TARAF YÖNETMELİĞİ,https://www.mevzuat.gov.tr/mevzuat?MevzuatNo=18722&MevzuatTur=7&MevzuatTertip=5,False,69362,cd87d7ee886aff1d74b7dc174ab897d957812486abb814bbb1f7b13155bab23d
mevzuat-7.5.18799,mevzuat,BDDK-yonetmelik,2013-09-05,BANKALARIN ÖZKAYNAKLARINA İLİŞKİN YÖNETMELİK,https://www.mevzuat.gov.tr/mevzuat?MevzuatNo=18799&MevzuatTur=7&MevzuatTertip=5,False,47890,7b2fcc1189de03e16971fd73212229f9eb4cd83a6f24f8c7cbbc23cc64ce46f0
mevzuat-7.5.18990,mevzuat,BDDK-yonetmelik,2013-11-05,BANKALARIN KALDIRAÇ DÜZEYİNİN ÖLÇÜLMESİNE VE DEĞERLENDİRİLMESİNE İLİŞKİN YÖNETMELİK,https://www.mevzuat.gov.tr/mevzuat?MevzuatNo=18990&MevzuatTur=7&MevzuatTertip=5,False,10858,43e03995118e958766e09f7be27946d01b4d158fef1928ed83f74b675872ea89
mevzuat-7.5.18991,mevzuat,BDDK-yonetmelik,2013-11-05,"SERMAYE KORUMA VE DÖNGÜSEL SERMAYE TAMPONLARINA
İLİŞKİN YÖNETMELİK",https://www.mevzuat.gov.tr/mevzuat?MevzuatNo=18991&MevzuatTur=7&MevzuatTertip=5,False,8570,fe25eb189ec193f5414ea8cd0f584c375cca54b22a53d5476f2610347354a3a7
mevzuat-7.5.19003,mevzuat,SPK-yonetmelik,2013-11-09,ÖZEL FON YÖNETMELİĞİ,https://www.mevzuat.gov.tr/mevzuat?MevzuatNo=19003&MevzuatTur=7&MevzuatTertip=5,False,10629,0f1a1615b115901c26186d913f58a819503223c6a11d0cf6cd4e863662bd825d
mevzuat-7.5.19152,mevzuat,BDDK-yonetmelik,2013-12-24,"FİNANSAL KİRALAMA, FAKTORİNG, FİNANSMAN VE TASARRUF FİNANSMAN ŞİRKETLERİNİN MUHASEBE UYGULAMALARI İLE FİNANSAL TABLOLARI HAKKINDA YÖNETMELİK",https://www.mevzuat.gov.tr/mevzuat?MevzuatNo=19152&MevzuatTur=7&MevzuatTertip=5,False,19085,10386944b2e07c8cd23f9de91475eb8190b5b66a9dca6a1132b2c5d07b0de685
mevzuat-7.5.19372,mevzuat,SPK-yonetmelik,2014-01-31,SERMAYE PİYASASI KURULU İÇ DENETİM USUL VE ESASLARI HAKKINDA YÖNETMELİK,https://www.mevzuat.gov.tr/mevzuat?MevzuatNo=19372&MevzuatTur=7&MevzuatTertip=5,False,7546,c6b5fb0ecc78caae60907a76a84349ee0c4c5cbde86b818b9716e59fd337b4d1
mevzuat-7.5.19498,mevzuat,BDDK-yonetmelik,2014-03-21,"BANKALARIN LİKİDİTE KARŞILAMA ORANI HESAPLAMASINA
İLİŞKİN YÖNETMELİK",https://www.mevzuat.gov.tr/mevzuat?MevzuatNo=19498&MevzuatTur=7&MevzuatTertip=5,False,50423,a677975eff6c1071416e11a3487381240ea62ff1f7c5999301c822a6786ee579
mevzuat-7.5.19518,mevzuat,SPK-yonetmelik,2014-03-29,SERMAYE PİYASASI KURULU ÜYELERİ VE PERSONELİNİN UYACAKLARI MESLEKİ VE ETİK İLKELER HAKKINDA YÖNETMELİK,https://www.mevzuat.gov.tr/mevzuat?MevzuatNo=19518&MevzuatTur=7&MevzuatTertip=5,False,6506,f17e7acbba81fda6fd1c69cd3df12fe5b4b9fe3a43b95013352a678a18743e1b
mevzuat-7.5.19519,mevzuat,SPK-yonetmelik,2014-03-29,YATIRIMCILARIN TAZMİNİ İLE TEDRİCİ TASFİYE USUL VE ESASLARI HAKKINDA YÖNETMELİK,https://www.mevzuat.gov.tr/mevzuat?MevzuatNo=19519&MevzuatTur=7&MevzuatTertip=5,False,29340,3afb881d64484ecfff072f7b3b52a212738cf04fe7245f5d85c75b9be71401fb
mevzuat-7.5.19525,mevzuat,SPK-yonetmelik,2014-04-01,SERMAYE PİYASASI KURULU DİSİPLİN AMİRLERİ YÖNETMELİĞİ,https://www.mevzuat.gov.tr/mevzuat?MevzuatNo=19525&MevzuatTur=7&MevzuatTertip=5,False,1846,fb7a74700fd93ff915c89fef86bae56a7b0c53644da0496bb3998bcd8d2f8872
mevzuat-7.5.19547,mevzuat,SPK-yonetmelik,2014-04-04,SERMAYE PİYASASI KURULU PERSONELİ GÖREVDE YÜKSELME VE UNVAN DEĞİŞİKLİĞİ YÖNETMELİĞİ,https://www.mevzuat.gov.tr/mevzuat?MevzuatNo=19547&MevzuatTur=7&MevzuatTertip=5,False,20382,8ee6b0b908191e02fb500b17429dd77b9c35f622f25803988f7b50e69c778b97
mevzuat-7.5.19648,mevzuat,SPK-yonetmelik,2014-05-06,SERMAYE PİYASASI KURULU BÜTÇE UYGULAMASI VE GİDERLERİN YAPILMASI İLE SATIŞ VE BENZERİ İŞLEMLERE İLİŞKİN USUL VE ESASLAR HAKKINDA YÖNETMELİK,https://www.mevzuat.gov.tr/mevzuat?MevzuatNo=19648&MevzuatTur=7&MevzuatTertip=5,False,41468,4296a33f79d54e0ff0f0bdb0e4ae21cdfd15828f36f2c63fabe7e3d45ef7c509
mevzuat-7.5.19864,mevzuat,BDDK-yonetmelik,2014-07-11,BANKALARIN İÇ SİSTEMLERİ VE İÇSEL SERMAYE YETERLİLİĞİ DEĞERLENDİRME SÜRECİ HAKKINDA YÖNETMELİK,https://www.mevzuat.gov.tr/mevzuat?MevzuatNo=19864&MevzuatTur=7&MevzuatTertip=5,False,118914,e97b21e4efd50885d3ff49f92c255953e388e3cc343da1729582d7ee2f06668a
mevzuat-7.5.19951,mevzuat,SPK-yonetmelik,2014-08-07,"MERKEZİ KAYIT KURULUŞUNUN KURULUŞ, FAALİYET, ÇALIŞMA VE DENETİM ESASLARI HAKKINDA YÖNETMELİK",https://www.mevzuat.gov.tr/mevzuat?MevzuatNo=19951&MevzuatTur=7&MevzuatTertip=5,False,43033,3ee4bcd396c8f62d69b134289777977fdc63a3d6dc3bd5790360c133121a7114
mevzuat-7.5.20150,mevzuat,SPK-yonetmelik,2014-10-19,BORSA İSTANBUL A.Ş. BORSACILIK FAALİYETLERİNE İLİŞKİN ESASLAR YÖNETMELİĞİ,https://www.mevzuat.gov.tr/mevzuat?MevzuatNo=20150&MevzuatTur=7&MevzuatTertip=5,False,92741,76c3f824b2bbcff883c1a759c9b774338143fafeaeabf0c034fd40639aec00a6
mevzuat-7.5.20151,mevzuat,SPK-yonetmelik,2014-10-19,BORSA İSTANBUL A.Ş. KIYMETLİ MADENLER VE KIYMETLİ TAŞLAR İLE İLGİLİ BORSACILIK FAALİYETLERİNE İLİŞKİN ESASLAR YÖNETMELİĞİ,https://www.mevzuat.gov.tr/mevzuat?MevzuatNo=20151&MevzuatTur=7&MevzuatTertip=5,False,25628,b00211235cedbf2ce677b7b69370ad3a4719451035c90cf808216789b33fe9a9
mevzuat-7.5.20506,mevzuat,BDDK-yonetmelik,2015-02-04,FAKTORİNG İŞLEMLERİNDE UYGULANACAK USUL VE ESASLAR HAKKINDA YÖNETMELİK,https://www.mevzuat.gov.tr/mevzuat?MevzuatNo=20506&MevzuatTur=7&MevzuatTertip=5,False,9752,acd3dd9873ad3ed1ab4d6dcd752d353c66a35c7562ab67edc6107e0d2f5b9694
mevzuat-7.5.20561,mevzuat,SPK-yonetmelik,2015-02-27,YATIRIMCI TAZMİN MERKEZİ YÖNETMELİĞİ,https://www.mevzuat.gov.tr/mevzuat?MevzuatNo=20561&MevzuatTur=7&MevzuatTertip=5,False,47322,a4b47d4985dd17d37a16c53491151e389ddd44e836eccaddc085dd8e7f6776de
mevzuat-7.5.20645,mevzuat,BDDK-yonetmelik,2015-04-02,BANKALARIN BAĞIMSIZ DENETİMİ HAKKINDA YÖNETMELİK,https://www.mevzuat.gov.tr/mevzuat?MevzuatNo=20645&MevzuatTur=7&MevzuatTertip=5,False,33392,e957e7224eda465cb6c26bf47ab416bc58c4e498cc6bf0ee774ae05a7bc15c2b
mevzuat-7.5.21192,mevzuat,BDDK-yonetmelik,2015-10-23,"BANKALARIN SERMAYE YETERLİLİĞİNİN ÖLÇÜLMESİNE VE 
DEĞERLENDİRİLMESİNE İLİŞKİN YÖNETMELİK",https://www.mevzuat.gov.tr/mevzuat?MevzuatNo=21192&MevzuatTur=7&MevzuatTertip=5,False,127226,69eb1d63db775bb0da47ba9618385d44cc7ca5a28603e6ef4a0b1ac611a52d3a
mevzuat-7.5.21278,mevzuat,BDDK-yonetmelik,2015-12-06,BANKALARCA YAPILACAK REPO VE TERS REPO İŞLEMLERİNE İLİŞKİN ESASLAR HAKKINDA YÖNETMELİK,https://www.mevzuat.gov.tr/mevzuat?MevzuatNo=21278&MevzuatTur=7&MevzuatTertip=5,False,17625,b1e36a3157d6f710e6eca5e98cd0f6717ea33dfff80e1e5d855f57830cbd8335
mevzuat-7.5.21425,mevzuat,BDDK-yonetmelik,2016-02-23,SİSTEMİK ÖNEMLİ BANKALAR HAKKINDA YÖNETMELİK,https://www.mevzuat.gov.tr/mevzuat?MevzuatNo=21425&MevzuatTur=7&MevzuatTertip=5,False,10546,699b0d163da2544489f282908226e840805d844fced92b7f3c38d35de179460f
mevzuat-7.5.22598,mevzuat,BDDK-yonetmelik,2016-06-22,"BANKALARIN KIYMETLİ MADEN ALIM SATIMINA İLİŞKİN
USUL VE ESASLAR HAKKINDA YÖNETMELİK",https://www.mevzuat.gov.tr/mevzuat?MevzuatNo=22598&MevzuatTur=7&MevzuatTertip=5,False,3255,4dd198f6d847cb3eab7d8baaa323ba628f974a32991ebd121ecf4a73e6f53cbe
mevzuat-7.5.22599,mevzuat,BDDK-yonetmelik,2016-06-22,"KREDİLERİN SINIFLANDIRILMASI VE BUNLAR İÇİN AYRILACAK
KARŞILIKLARA İLİŞKİN USUL VE ESASLAR
HAKKINDA YÖNETMELİK",https://www.mevzuat.gov.tr/mevzuat?MevzuatNo=22599&MevzuatTur=7&MevzuatTertip=5,False,43205,791b9d7e8b6c1f437dee2d896677a8b19eb05700b03464b10e7838163d515772
mevzuat-7.5.22824,mevzuat,SPK-yonetmelik,2016-09-07,6362 SAYILI SERMAYE PİYASASI KANUNUNUN 13 ÜNCÜ MADDESİNİN DÖRDÜNCÜ FIKRASININ KISMEN İPTALİ ÜZERİNE YATIRIMCI TAZMİN MERKEZİ TARAFINDAN YATIRIMCILARA YAPILACAK ÖDEMELERE İLİŞKİN USUL VE ESASLAR HAKKINDA YÖNETMELİK,https://www.mevzuat.gov.tr/mevzuat?MevzuatNo=22824&MevzuatTur=7&MevzuatTertip=5,False,10633,ffb15b96c75aa2b86c93573802ac0117196848ccafba39eeba38490b4b5a00f6
mevzuat-7.5.23228,mevzuat,BDDK-yonetmelik,2017-01-12,"BANKALARIN DEĞERLEME HİZMETİ ALMALARI VE BANKALARA
DEĞERLEME HİZMETİ VERECEK KURULUŞLARIN YETKİLENDİRİLMESİ
VE FAALİYETLERİ HAKKINDA YÖNETMELİK",https://www.mevzuat.gov.tr/mevzuat?MevzuatNo=23228&MevzuatTur=7&MevzuatTertip=5,False,45040,d82d2f5dc98d68c4f978a8bdf33fd59631fc06cc1e40e67048148d3a383a2aa8
mevzuat-7.5.24788,mevzuat,BDDK-yonetmelik,2018-08-15,"FİNANSAL SEKTÖRE OLAN BORÇLARIN YENİDEN YAPILANDIRILMASI
HAKKINDA YÖNETMELİK",https://www.mevzuat.gov.tr/mevzuat?MevzuatNo=24788&MevzuatTur=7&MevzuatTertip=5,False,7509,ca1a80b1a12a092ef79752e0c49828ed5dc6472a9c26d9f10332bf573a1d000d
mevzuat-7.5.24816,mevzuat,SPK-yonetmelik,2018-09-19,"VERİ DEPOLAMA KURULUŞUNUN FAALİYET, ÇALIŞMA VE
DENETİM ESASLARI HAKKINDA YÖNETMELİK",https://www.mevzuat.gov.tr/mevzuat?MevzuatNo=24816&MevzuatTur=7&MevzuatTertip=5,False,19819,ca8585f5e30be6ff78079d3d1fa0e028dafcaa9da09fa54c09c740603b65d773
mevzuat-7.5.34006,mevzuat,BDDK-yonetmelik,2019-08-01,TEKDÜZEN HESAP PLANI HAKKINDA YÖNETMELİK,https://www.mevzuat.gov.tr/mevzuat?MevzuatNo=34006&MevzuatTur=7&MevzuatTertip=5,False,4226,6474b92efff71056b6391f1ecfffe2d4379d48c4eaa6cd1656dc3a10a1c1c1d6
mevzuat-7.5.34360,mevzuat,BDDK-yonetmelik,2020-03-15,"BANKALARIN BİLGİ SİSTEMLERİ VE ELEKTRONİK BANKACILIK
HİZMETLERİ HAKKINDA YÖNETMELİK",https://www.mevzuat.gov.tr/mevzuat?MevzuatNo=34360&MevzuatTur=7&MevzuatTertip=5,False,125949,3104ad862d43a38e5e8476778d244f8371f746f660e0bd97e6e943eb764b836d
mevzuat-7.5.34495,mevzuat,BDDK-yonetmelik,2020-05-07,"FİNANSAL PİYASALARDA MANİPÜLASYON VE YANILTICI
İŞLEMLER HAKKINDA YÖNETMELİK",https://www.mevzuat.gov.tr/mevzuat?MevzuatNo=34495&MevzuatTur=7&MevzuatTertip=5,False,5472,2c1cc6986cf372b067b43886d494f5792ec9dc66d8a7df9d919ac83b7ba0416d
mevzuat-7.5.34535,mevzuat,BDDK-yonetmelik,2020-05-20,"BANKA ÇAĞRI MERKEZLERİNİN HİZMET SEVİYESİNİN VE KALİTESİNİN
BELİRLENMESİNE İLİŞKİN YÖNETMELİK",https://www.mevzuat.gov.tr/mevzuat?MevzuatNo=34535&MevzuatTur=7&MevzuatTertip=5,False,14800,e45e0ec6eb5515c71ca41382995c3da45846e437c6c1caa9e4177cdfec298274
mevzuat-7.5.34705,mevzuat,SPK-yonetmelik,2020-07-16,"ÖZEL FON MAL VARLIĞININ YÖNETİMİNE VE
NEMALANDIRILMASINA İLİŞKİN YÖNETMELİK",https://www.mevzuat.gov.tr/mevzuat?MevzuatNo=34705&MevzuatTur=7&MevzuatTertip=5,False,3056,3afe0c2a9d44f62be5384c85c70838c880c4b5fedc42da15d1a6f2ca9846c2b8
mevzuat-7.5.38416,mevzuat,BDDK-yonetmelik,2021-03-16,"SİSTEMİK ÖNEMLİ BANKALARCA HAZIRLANACAK
ÖNLEM PLANLARINA İLİŞKİN YÖNETMELİK",https://www.mevzuat.gov.tr/mevzuat?MevzuatNo=38416&MevzuatTur=7&MevzuatTertip=5,False,29483,a9d39147ba218aa47fca666342fd824ce9e3712f548018f2efa5bb660b23d2cb
mevzuat-7.5.38500,mevzuat,BDDK-yonetmelik,2021-04-07,"TASARRUF FİNANSMAN ŞİRKETLERİNİN KURULUŞ VE FAALİYET
ESASLARI HAKKINDA YÖNETMELİK",https://www.mevzuat.gov.tr/mevzuat?MevzuatNo=38500&MevzuatTur=7&MevzuatTertip=5,False,64431,c5196c23d760a62536d9679bfb18c6f1a7d42c62e30effd27d5d00af3e437de5
mevzuat-7.5.38568,mevzuat,BDDK-yonetmelik,2021-04-01,"BANKALARCA KULLANILACAK UZAKTAN KİMLİK TESPİTİ
YÖNTEMLERİNE VE ELEKTRONİK ORTAMDA SÖZLEŞME
İLİŞKİSİNİN KURULMASINA İLİŞKİN YÖNETMELİK",https://www.mevzuat.gov.tr/mevzuat?MevzuatNo=38568&MevzuatTur=7&MevzuatTertip=5,False,25952,8b664cd8db1971331018cff30637eb5e2389b5cf06700cc33973ceb705c777ee
mevzuat-7.5.38797,mevzuat,BDDK-yonetmelik,2021-07-14,"VARLIK YÖNETİM ŞİRKETLERİNİN KURULUŞ VE FAALİYET ESASLARI 
İLE DEVRALINACAK ALACAKLARA İLİŞKİN İŞLEMLER 
HAKKINDA YÖNETMELİK",https://www.mevzuat.gov.tr/mevzuat?MevzuatNo=38797&MevzuatTur=7&MevzuatTertip=5,False,52615,2d95f1015a0650d9b9bd57a250468e82dbc7a8de0b0441a760640deac13c28b0
mevzuat-7.5.38873,mevzuat,BDDK-yonetmelik,2016-06-18,BANKACILIK HİZMETLERİNİN ERİŞİLEBİLİRLİĞİNE DAİR YÖNETMELİK,https://www.mevzuat.gov.tr/mevzuat?MevzuatNo=38873&MevzuatTur=7&MevzuatTertip=5,False,14418,c4108b78116806ad46b6af127e514151afe744c3c873f427f0e62fff6ae6a3d2
mevzuat-7.5.39158,mevzuat,BDDK-yonetmelik,2021-12-29,DİJİTAL BANKALARIN FAALİYET ESASLARI İLE SERVİS MODELİ BANKACILIĞI HAKKINDA YÖNETMELİK,https://www.mevzuat.gov.tr/mevzuat?MevzuatNo=39158&MevzuatTur=7&MevzuatTertip=5,False,32716,d7d6f42929ce46bf30c53d36af2ba69bfb3d1aafc8ffbf137ecb242742c6abf6
mevzuat-7.5.39159,mevzuat,BDDK-yonetmelik,2021-12-29,BANKACILIK DÜZENLEME VE DENETLEME KURUMU DİSİPLİN AMİRLERİ YÖNETMELİĞİ,https://www.mevzuat.gov.tr/mevzuat?MevzuatNo=39159&MevzuatTur=7&MevzuatTertip=5,False,1450,271ff3805a8f3f0a2b3fdc9f6e5cd0fe5754dccab1c28a4175341a94102ab646
mevzuat-7.5.39171,mevzuat,BDDK-yonetmelik,2021-06-04,SIR NİTELİĞİNDEKİ BİLGİLERİN PAYLAŞILMASI HAKKINDA YÖNETMELİK,https://www.mevzuat.gov.tr/mevzuat?MevzuatNo=39171&MevzuatTur=7&MevzuatTertip=5,False,19707,1fdeb6e6dfaa4dbc6190cbec5dc37c9e11eba955e6a962f348d37aa94bcc1167
mevzuat-7.5.39257,mevzuat,BDDK-yonetmelik,2021-12-31,BİLGİ SİSTEMLERİ VE İŞ SÜREÇLERİ BAĞIMSIZ DENETİMİ HAKKINDA YÖNETMELİK,https://www.mevzuat.gov.tr/mevzuat?MevzuatNo=39257&MevzuatTur=7&MevzuatTertip=5,False,81148,654eba28e60a3915324a40ade08b761a8f5f6e6cc090d9fceeb23b5c348549b9
mevzuat-7.5.39368,mevzuat,BDDK-yonetmelik,2022-01-11,"FİNANSAL KİRALAMA, FAKTORİNG, FİNANSMAN VE TASARRUF
FİNANSMAN ŞİRKETLERİNCE KULLANILACAK UZAKTAN KİMLİK TESPİTİ YÖNTEMLERİNE VE ELEKTRONİK ORTAMDA SÖZLEŞME
İLİŞKİSİNİN KURULMASINA İLİŞKİN YÖNETMELİK",https://www.mevzuat.gov.tr/mevzuat?MevzuatNo=39368&MevzuatTur=7&MevzuatTertip=5,False,25745,40aee2e742a3a4800da02515960f27bc2fce9e3f5dca209cb6e04dad7c79756e
mevzuat-7.5.40203,mevzuat,BDDK-yonetmelik,2023-05-26,BANKALARIN NET İSTİKRARLI FONLAMA ORANI HESAPLAMASINA İLİŞKİN YÖNETMELİK,https://www.mevzuat.gov.tr/mevzuat?MevzuatNo=40203&MevzuatTur=7&MevzuatTertip=5,False,32403,e7623589e23e45ddc0cdc543ecc4efb69f03a41dc447e50eafcf7768879e89ec
mevzuat-7.5.40519,mevzuat,BDDK-yonetmelik,2023-12-21,"RİSK GRUPLARININ BELİRLENMESİNE VE KREDİ SINIRLARINA
İLİŞKİN YÖNETMELİK",https://www.mevzuat.gov.tr/mevzuat?MevzuatNo=40519&MevzuatTur=7&MevzuatTertip=5,False,35989,aee6c0408fa92849ab9b2013c008f80ad2ee1af07c7a48673d091a842dfc7b03
mevzuat-7.5.40520,mevzuat,BDDK-yonetmelik,2023-12-21,"BANKALARIN KREDİ İŞLEMLERİNE
İLİŞKİN YÖNETMELİK",https://www.mevzuat.gov.tr/mevzuat?MevzuatNo=40520&MevzuatTur=7&MevzuatTertip=5,False,26291,7ca71b189b91654bf42c1ca9eb44e3d8bc8170a0b6032824d975c7bc20476e2f
mevzuat-7.5.42359,mevzuat,BDDK-yonetmelik,2025-04-09,"KALKINMA VE YATIRIM BANKALARININ KREDİ MÜŞTERİLERİNDEN,
ORTAKLIKLARINDAN VE ORTAKLARINDAN SAĞLAYACAKLARI FONLARA İLİŞKİN USUL VE ESASLAR HAKKINDA YÖNETMELİK",https://www.mevzuat.gov.tr/mevzuat?MevzuatNo=42359&MevzuatTur=7&MevzuatTertip=5,False,7318,b6ab168e0e47be02198ca35bee5cd68cd0c5a4c36006c591d0dac5fe4bc5b492
mevzuat-7.5.42628,mevzuat,BDDK-yonetmelik,2025-05-12,BANKACILIK HESAPLARINDAN KAYNAKLANAN FAİZ ORANI RİSKİNİN STANDART YAKLAŞIMLA ÖLÇÜLMESİNE VE DEĞERLENDİRİLMESİNE İLİŞKİN YÖNETMELİK,https://www.mevzuat.gov.tr/mevzuat?MevzuatNo=42628&MevzuatTur=7&MevzuatTertip=5,False,21534,53f8e672e3747a1ccaafc4e753eb9071662955b7763af5d20f93f2bb7d8f3afc
mevzuat-7.5.42707,mevzuat,SPK-yonetmelik,2025-11-19,"SERMAYE PİYASASI KURULU ÇALIŞMA USUL VE
ESASLARI HAKKINDA YÖNETMELİK",https://www.mevzuat.gov.tr/mevzuat?MevzuatNo=42707&MevzuatTur=7&MevzuatTertip=5,False,36965,6ad2d850c5cb171f696f56bca6b8b47e3f6e34b7ecb4f3f713fc6e4b5290e983
mevzuat-7.5.45040,mevzuat,SPK-yonetmelik,2026-02-25,TÜRKİYE DEĞERLEME UZMANLARI BİRLİĞİ DENETİM YÖNETMELİĞİ,https://www.mevzuat.gov.tr/mevzuat?MevzuatNo=45040&MevzuatTur=7&MevzuatTertip=5,False,19347,df216b206a62078dd6b7046b960acc311dd93a260cca678bbf33bd37cdedab12
mevzuat-7.5.45041,mevzuat,SPK-yonetmelik,2026-02-25,TÜRKİYE DEĞERLEME UZMANLARI BİRLİĞİ DİSİPLİN YÖNETMELİĞİ,https://www.mevzuat.gov.tr/mevzuat?MevzuatNo=45041&MevzuatTur=7&MevzuatTertip=5,False,30692,ae846cc7c33a908db94747b5463ec0bab432317baa8d9f558ab7726cd7017b02
mevzuat-7.5.5587,mevzuat,BDDK-yonetmelik,2002-02-01,4389 SAYILI BANKALAR KANUNUNUN GEÇİCİ 4 ÜNCÜ MADDESİ UYARINCA YAPILACAK ÖZEL BAĞIMSIZ DENETİMİN ESAS VE USULLERİ HAKKINDA YÖNETMELİK,https://www.mevzuat.gov.tr/mevzuat?MevzuatNo=5587&MevzuatTur=7&MevzuatTertip=5,False,37404,b112ac9bd5aa94692aa6e43b39f89ffa9fc31dfef84223a9f58c43a0d3ba619f
mevzuat-7.5.5590,mevzuat,BDDK-yonetmelik,2002-02-01,BANKACILIK SEKTÖRÜ YENİDEN YAPILANDIRMA PROGRAMININ UYGULAMA ESAS VE USULLERİ HAKKINDA YÖNETMELİK,https://www.mevzuat.gov.tr/mevzuat?MevzuatNo=5590&MevzuatTur=7&MevzuatTertip=5,False,25972,be9fc6a784861714c0653a658242dec03f2e21e57baba607763cc44c0e4bb788
mevzuat-7.5.5597,mevzuat,BDDK-yonetmelik,2002-04-11,"FİNANSAL YENİDEN YAPILANDIRMA ÇERÇEVE ANLAŞMALARININ ONAYLANMASI, KABULÜ VE UYGULANMASINA İLİŞKİN GENEL ŞARTLAR HAKKINDA YÖNETMELİK",https://www.mevzuat.gov.tr/mevzuat?MevzuatNo=5597&MevzuatTur=7&MevzuatTertip=5,False,9658,583d3ed8bd501b624e3e0b356d03144bc64ed9325f1e63a05e74122b7bd3e708
mevzuat-7.5.5598,mevzuat,BDDK-yonetmelik,2002-06-20,MEVDUAT KABULÜNE YETKİLİ ÖZEL SERMAYELİ BANKALARIN ARA DÖNEM MALİ TABLOLARININ DÜZENLENMESİNE VE YAYIMLANMASINA İLİŞKİN YÖNETMELİK,https://www.mevzuat.gov.tr/mevzuat?MevzuatNo=5598&MevzuatTur=7&MevzuatTertip=5,False,4817,bfc6e3e19d2d632c82202ba2730b93b74f57aa43a12c23c3535fe10d4bf7f273
mevzuat-7.5.5604,mevzuat,BDDK-yonetmelik,2000-09-14,"4389 SAYILI BANKALAR KANUNUNUN GEÇİCİ 1 İNCİ MADDESİNİN (f) FIKRASI UYARINCA HAZİNE MÜSTEŞARLIĞI İLE MERKEZ BANKASINDAN BANKACILIK DÜZENLEME VE DENETLEME KURUMUNA NAKLEN ATANACAK PERSONELDEN, BANKACILIK UZMAN VE UZMAN YARDIMCISI OLARAK ATANACAKLARDA ARANACAK YETERLİLİK ŞARTLARININ BELİRLENMESİNE İLİŞKİN YÖNETMELİK",https://www.mevzuat.gov.tr/mevzuat?MevzuatNo=5604&MevzuatTur=7&MevzuatTertip=5,False,5179,89b9660f2ced8a63c58164383c962ecf58b3475e780f228add5fc0a27c8f0862
mevzuat-7.5.5609,mevzuat,SPK-yonetmelik,2001-06-21,ARACI KURUMLARIN TEDRİCİ TASFİYE USUL VE ESASLARI HAKKINDA YÖNETMELİK,https://www.mevzuat.gov.tr/mevzuat?MevzuatNo=5609&MevzuatTur=7&MevzuatTertip=5,False,25290,749981f83319e43e0201b52f5d26ba4324fd5090673d3ff7a711b6f89e4d35f8
mevzuat-7.5.5615,mevzuat,SPK-yonetmelik,1982-09-24,MENKUL KIYMETLER TANZİM FONU'NUN İŞLEYİŞİ HAKKINDA YÖNETMELİK,https://www.mevzuat.gov.tr/mevzuat?MevzuatNo=5615&MevzuatTur=7&MevzuatTertip=5,False,14636,773e26a023bcfc71829176a3d833657c862cc73d3d6c4af4e215f995164c75bf
mevzuat-7.5.5636,mevzuat,SPK-yonetmelik,1996-10-18,İSTANBUL ALTIN BORSASI VADELİ İŞLEMLER VE OPSİYON PİYASASI YÖNETMELİĞİ,https://www.mevzuat.gov.tr/mevzuat?MevzuatNo=5636&MevzuatTur=7&MevzuatTertip=5,False,27861,7037cca9411812c2abab2a0d728b41db04a79e8df06e7342ed2c3960eb00a39d
mevzuat-9.5.10384,mevzuat,SPK-teblig,2006-06-12,"SERMAYE PİYASASINDA BAĞIMSIZ DENETİM STANDARTLARI HAKKINDA TEBLİĞ  (SERİ: X, NO:22)",https://www.mevzuat.gov.tr/mevzuat?MevzuatNo=10384&MevzuatTur=9&MevzuatTertip=5,False,851299,f1e138131496e2941d70c8da20338d991f7188dfa88eecbba195720e7d55ba70
mevzuat-9.5.10770,mevzuat,BDDK-teblig,2006-11-08,BANKALARIN KONSOLİDE FİNANSAL TABLOLARININ DÜZENLENMESİNE İLİŞKİN TEBLİĞ,https://www.mevzuat.gov.tr/mevzuat?MevzuatNo=10770&MevzuatTur=9&MevzuatTertip=5,False,9413,5191744cdcfa8ed6521b3637333a773be2105aa3cc9b64daefa5bde13d23a7c8
mevzuat-9.5.11201,mevzuat,BDDK-teblig,2007-03-22,BANKACILIK VERİ TRANSFER SİSTEMİ KAPSAMINDA YAPILAN RAPORLAMALARDA UYGULANACAK İDARİ PARA CEZALARINA İLİŞKİN USUL VE ESASLAR HAKKINDA TEBLİĞ,https://www.mevzuat.gov.tr/mevzuat?MevzuatNo=11201&MevzuatTur=9&MevzuatTertip=5,False,14277,8dd52b35ac4ed7dade0a9837f3add19d0afadf822654c35e8cb3896a10032a7e
mevzuat-9.5.11442,mevzuat,SPK-teblig,2007-07-12,"SERMAYE PİYASASINDA DERECELENDİRME FAALİYETİ VE DERECELENDİRME KURULUŞLARINA İLİŞKİN ESASLAR TEBLİĞİ
(SERİ: VIII, NO: 51)",https://www.mevzuat.gov.tr/mevzuat?MevzuatNo=11442&MevzuatTur=9&MevzuatTertip=5,False,54552,bc78493066c903c26285e593c5f39812ed88829c38fafa69747d5132bafce7a6
mevzuat-9.5.12060,mevzuat,BDDK-teblig,2008-04-01,TÜRKİYE'DE AÇILAN TEMSİLCİLİKLERİN FAALİYETLERİNE İLİŞKİN USUL VE ESASLAR HAKKINDA TEBLİĞ,https://www.mevzuat.gov.tr/mevzuat?MevzuatNo=12060&MevzuatTur=9&MevzuatTertip=5,False,5438,83b437ed6766d1a1f29d7f0e4ab50be3c9131d1c865f120e81be0845236dd490
mevzuat-9.5.16290,mevzuat,BDDK-teblig,2012-06-28,BANKALARCA KAMUYA AÇIKLANACAK FİNANSAL TABLOLAR İLE BUNLARA İLİŞKİN AÇIKLAMA VE DİPNOTLAR HAKKINDA TEBLİĞ,https://www.mevzuat.gov.tr/mevzuat?MevzuatNo=16290&MevzuatTur=9&MevzuatTertip=5,False,135899,dec6946c719d974721b88b2f2755ea494481e5862180cf9fdee1301995c1aa1c
mevzuat-9.5.16291,mevzuat,BDDK-teblig,2012-06-28,YAPISAL POZİSYONA İLİŞKİN TEBLİĞ,https://www.mevzuat.gov.tr/mevzuat?MevzuatNo=16291&MevzuatTur=9&MevzuatTertip=5,False,10751,a17972960c6b3da6165e3883f1ab3ce2c41389dbe5b509d2721e803c295cbf2b
mevzuat-9.5.16292,mevzuat,BDDK-teblig,2012-06-28,OPSİYONLARDAN KAYNAKLANAN PİYASA RİSKİ İÇİN STANDART METODA GÖRE SERMAYE YÜKÜMLÜLÜĞÜ HESAPLANMASINA İLİŞKİN TEBLİĞ,https://www.mevzuat.gov.tr/mevzuat?MevzuatNo=16292&MevzuatTur=9&MevzuatTertip=5,False,18250,a0d84eeebbc36586a5607790aff76d638ca9460abf76450a96bd1bf1bb0987c6
mevzuat-9.5.18404,mevzuat,SPK-teblig,2013-05-28,GAYRİMENKUL YATIRIM ORTAKLIKLARINA İLİŞKİN ESASLAR TEBLİĞİ (III-48.1),https://www.mevzuat.gov.tr/mevzuat?MevzuatNo=18404&MevzuatTur=9&MevzuatTertip=5,False,98301,fb70918d008227d39f64df1ba770341749b462c9deab34f21ad896be090856fd
mevzuat-9.5.18451,mevzuat,SPK-teblig,2013-06-07,KİRA SERTİFİKALARI TEBLİĞİ (III-61.1),https://www.mevzuat.gov.tr/mevzuat?MevzuatNo=18451&MevzuatTur=9&MevzuatTertip=5,False,30100,061ea4dab1052be6747684cc2386281954aa59272a2a76a2afc6e0fa74a1a374
mevzuat-9.5.18452,mevzuat,SPK-teblig,2013-06-07,BORÇLANMA ARAÇLARI TEBLİĞİ (VII-128.8),https://www.mevzuat.gov.tr/mevzuat?MevzuatNo=18452&MevzuatTur=9&MevzuatTertip=5,False,49075,afe49916318185bf76a24fdaa6806cdcede6a3be0bf4796d9a8b4213a0bd74f9
mevzuat-9.5.18477,mevzuat,SPK-teblig,2013-06-13,SERMAYE PİYASASINDA FİNANSAL RAPORLAMAYA İLİŞKİN ESASLAR TEBLİĞİ (II-14.1),https://www.mevzuat.gov.tr/mevzuat?MevzuatNo=18477&MevzuatTur=9&MevzuatTertip=5,False,35147,e460e84fb8e0cfee75cc6279ab0eff014303783be0f99776ba2abe0ba7fa2b1b
mevzuat-9.5.18509,mevzuat,SPK-teblig,2013-06-22,İZAHNAME VE İHRAÇ BELGESİ TEBLİĞİ (II-5.1),https://www.mevzuat.gov.tr/mevzuat?MevzuatNo=18509&MevzuatTur=9&MevzuatTertip=5,False,60252,18f9039c32354959ff6052167933b15dc25835ef73c6f6a013c5c50fb5b3d28e
mevzuat-9.5.18510,mevzuat,SPK-teblig,2013-06-22,PAY TEBLİĞİ (VII-128.1),https://www.mevzuat.gov.tr/mevzuat?MevzuatNo=18510&MevzuatTur=9&MevzuatTertip=5,False,132430,47ac0cd68fcf63088d54d084982220e5271718047acfa76364e010ff4f5c4666
mevzuat-9.5.18527,mevzuat,SPK-teblig,2013-06-28,SERMAYE PİYASASI ARAÇLARININ SATIŞI TEBLİĞİ (II-5.2),https://www.mevzuat.gov.tr/mevzuat?MevzuatNo=18527&MevzuatTur=9&MevzuatTertip=5,False,49041,c368635aee16c4168573e3b231eddf4b5b23bd837c670a3f48e779e3e2bd05d8
mevzuat-9.5.18546,mevzuat,SPK-teblig,2013-07-02,PORTFÖY YÖNETİM ŞİRKETLERİ VE BU ŞİRKETLERİN FAALİYETLERİNE İLİŞKİN ESASLAR TEBLİĞİ (III-55.1),https://www.mevzuat.gov.tr/mevzuat?MevzuatNo=18546&MevzuatTur=9&MevzuatTertip=5,False,102202,5f2058cbc23f9af2db10d27439568cb051a6175adf39903d8f65bc031de19a00
mevzuat-9.5.18547,mevzuat,SPK-teblig,2013-07-02,PORTFÖY SAKLAMA HİZMETİNE VE BU HİZMETTE BULUNACAK KURULUŞLARA İLİŞKİN ESASLAR TEBLİĞİ (III-56.1),https://www.mevzuat.gov.tr/mevzuat?MevzuatNo=18547&MevzuatTur=9&MevzuatTertip=5,False,39016,d7a525ba3f1c81dd9a465824d0d19aeed27c5a0d6f7ca611954b69a7812cb028
mevzuat-9.5.18553,mevzuat,SPK-teblig,2013-07-05,GAYRİMENKUL SERTİFİKALARI TEBLİĞİ (VII-128.2),https://www.mevzuat.gov.tr/mevzuat?MevzuatNo=18553&MevzuatTur=9&MevzuatTertip=5,False,55320,fd2b82b7912de88c94380da53edd3125ff79e8de9d2127ba01411d64202dd069
mevzuat-9.5.18564,mevzuat,SPK-teblig,2013-07-09,YATIRIM FONLARINA İLİŞKİN ESASLAR TEBLİĞİ (III-52.1),https://www.mevzuat.gov.tr/mevzuat?MevzuatNo=18564&MevzuatTur=9&MevzuatTertip=5,False,74720,3a71cf9ddc0f939b77fbf780dc6b5c85b7434360abd66db25c91c5bcd8b15fb4
mevzuat-9.5.18576,mevzuat,SPK-teblig,2013-07-11,YATIRIM HİZMETLERİ VE FAALİYETLERİ İLE YAN HİZMETLERE İLİŞKİN ESASLAR HAKKINDA TEBLİĞ III-37.1,https://www.mevzuat.gov.tr/mevzuat?MevzuatNo=18576&MevzuatTur=9&MevzuatTertip=5,False,125584,c3d6c7f96ae4dea04fe4a48f5a5e8f24a34f00e3baf07d5b459c8433bc775c71
mevzuat-9.5.18816,mevzuat,SPK-teblig,2013-09-10,VARANTLAR VE YATIRIM KURULUŞU SERTİFİKALARI TEBLİĞİ (VII-128.3),https://www.mevzuat.gov.tr/mevzuat?MevzuatNo=18816&MevzuatTur=9&MevzuatTertip=5,False,51331,bc14e2529f16ea057f9e5c0cdc62b33457aa3645ae196525f9a36e5b9718df9f
mevzuat-9.5.18936,mevzuat,SPK-teblig,2013-10-09,GİRİŞİM SERMAYESİ YATIRIM ORTAKLIKLARINA İLİŞKİN ESASLAR TEBLİĞİ (III-48.3),https://www.mevzuat.gov.tr/mevzuat?MevzuatNo=18936&MevzuatTur=9&MevzuatTertip=5,False,67316,242b7ac5fde5ef6a6f02eaef5415c77d148738d19da2cfd1fe27b9fb76222997
mevzuat-9.5.18965,mevzuat,SPK-teblig,2013-10-23,YABANCI SERMAYE PİYASASI ARAÇLARI VE DEPO SERTİFİKALARI İLE YABANCI YATIRIM FONU PAYLARI TEBLİĞİ (VII-128.4),https://www.mevzuat.gov.tr/mevzuat?MevzuatNo=18965&MevzuatTur=9&MevzuatTertip=5,False,56873,0a24965c797c703b6df343651d9b7874774440274a942f3579314a14284fc4e4
mevzuat-9.5.19055,mevzuat,SPK-teblig,2013-11-27,BORSA YATIRIM FONLARINA İLİŞKİN ESASLAR TEBLİĞİ (III-52.2),https://www.mevzuat.gov.tr/mevzuat?MevzuatNo=19055&MevzuatTur=9&MevzuatTertip=5,False,45703,3eb0b42b0074e4999c7413ccb17addbb62b357278419faffc9b770655b3e1b87
mevzuat-9.5.19114,mevzuat,SPK-teblig,2013-12-12,YÖNETİCİLERİN NET ALIM SATIM KAZANÇLARINI İHRAÇÇILARA ÖDEMELERİ HAKKINDA TEBLİĞ (VI-103.1),https://www.mevzuat.gov.tr/mevzuat?MevzuatNo=19114&MevzuatTur=9&MevzuatTertip=5,False,4374,79d1573d2558b5b0adef949504d900fdb034afdb01b2d08ed1d5d42c28bd91f2
mevzuat-9.5.19129,mevzuat,SPK-teblig,2013-12-17,"BİREYSEL PORTFÖYLERİN VE KOLEKTİF YATIRIM KURULUŞLARININ PERFORMANS SUNUMUNA, PERFORMANSA DAYALI ÜCRETLENDİRİLMESİNE VE KOLEKTİF YATIRIM KURULUŞLARINI NOTLANDIRMA VE SIRALAMA FAALİYETLERİNE İLİŞKİN ESASLAR HAKKINDA TEBLİĞ (VII-128.5)",https://www.mevzuat.gov.tr/mevzuat?MevzuatNo=19129&MevzuatTur=9&MevzuatTertip=5,False,22548,33fc724e4b5a207925844dd7f6f017d7ac8c6d4c3cfeea6cc91613262aa36cd2
mevzuat-9.5.19131,mevzuat,SPK-teblig,2013-12-17,YATIRIM KURULUŞLARININ KURULUŞ VE FAALİYET ESASLARI HAKKINDA TEBLİĞ III-39.1,https://www.mevzuat.gov.tr/mevzuat?MevzuatNo=19131&MevzuatTur=9&MevzuatTertip=5,False,130593,1d7435626145720d7d8507cc4a3d152c69e5cc123ab073ef1d015dcab9df95a3
mevzuat-9.5.19158,mevzuat,SPK-teblig,2013-12-24,VEKALETEN OY KULLANILMASI VE ÇAĞRI YOLUYLA VEKALET TOPLANMASI TEBLİĞİ (II-30.1),https://www.mevzuat.gov.tr/mevzuat?MevzuatNo=19158&MevzuatTur=9&MevzuatTertip=5,False,28071,3afaa30130560f23a877d22b145517890f796985975c7e6efa513a0ea48696ff
mevzuat-9.5.19167,mevzuat,SPK-teblig,2013-12-25,"KAYITLI SERMAYE SİSTEMİ TEBLİĞİ
(II-18.1)",https://www.mevzuat.gov.tr/mevzuat?MevzuatNo=19167&MevzuatTur=9&MevzuatTertip=5,False,16335,0938af69eedbcf520bf19502f108444087d0a277a4934fec934c5ee665819e06
mevzuat-9.5.19177,mevzuat,SPK-teblig,2013-12-27,KAMUYU AYDINLATMA PLATFORMU TEBLİĞİ,https://www.mevzuat.gov.tr/mevzuat?MevzuatNo=19177&MevzuatTur=9&MevzuatTertip=5,False,13221,0d977193327281458015c78872e2771ee23f76bf83d1943f02330f0884862cb2
mevzuat-9.5.19190,mevzuat,SPK-teblig,2013-12-28,"BİRLEŞME VE BÖLÜNME TEBLİĞİ
(II-23.2)",https://www.mevzuat.gov.tr/mevzuat?MevzuatNo=19190&MevzuatTur=9&MevzuatTertip=5,False,44018,f2d2128e49e47205398ad4f5f8982faf0293766781ca9942fdeac357c0271de9
mevzuat-9.5.19211,mevzuat,SPK-teblig,2013-12-30,"YATIRIM FONLARININ FİNANSAL RAPORLAMA ESASLARINA İLİŞKİN TEBLİĞ
(II-14.2)",https://www.mevzuat.gov.tr/mevzuat?MevzuatNo=19211&MevzuatTur=9&MevzuatTertip=5,False,27235,611a2fb4c837a4d0a1c610dad2e0b5eb9fbd64673908073faf2c1c1c5e23d42e
mevzuat-9.5.19214,mevzuat,SPK-teblig,2013-12-30,"ORTAKLIKLARIN KANUN KAPSAMINDAN ÇIKARILMASI VE PAYLARININ BORSADA İŞLEM GÖRMESİ ZORUNLULUĞUNA İLİŞKİN
ESASLAR TEBLİĞİ
(II-16.1)",https://www.mevzuat.gov.tr/mevzuat?MevzuatNo=19214&MevzuatTur=9&MevzuatTertip=5,False,22374,f397b74d48bc7c2190a14f775157a657b475f4df006ac5cd46783cb36c464832
mevzuat-9.5.19225,mevzuat,SPK-teblig,2014-01-03,"KURUMSAL YÖNETİM TEBLİĞİ
(II-17.1)",https://www.mevzuat.gov.tr/mevzuat?MevzuatNo=19225&MevzuatTur=9&MevzuatTertip=5,False,66930,05cb8a9a811274c1dc73c867a0cfd6b54bc6e85be3cfb5a3a5682a1258758676
mevzuat-9.5.19226,mevzuat,SPK-teblig,2014-01-03,"GERİ ALINAN PAYLAR TEBLİĞİ
(II-22.1)",https://www.mevzuat.gov.tr/mevzuat?MevzuatNo=19226&MevzuatTur=9&MevzuatTertip=5,False,32871,509f5379e4c85ea5718380052bc37b5b3019805308bff5367a275cdb64fb5c7a
mevzuat-9.5.19227,mevzuat,SPK-teblig,2014-01-03,"GAYRİMENKUL YATIRIM FONLARINA İLİŞKİN ESASLAR TEBLİĞİ
(III-52.3)",https://www.mevzuat.gov.tr/mevzuat?MevzuatNo=19227&MevzuatTur=9&MevzuatTertip=5,False,69908,45d72d6b92b67f89bcfb35213b4d99814401956c0099b0fa7d259ee5ccd201e2
mevzuat-9.5.19246,mevzuat,SPK-teblig,2014-01-09,"VARLIĞA VEYA İPOTEĞE DAYALI MENKUL KIYMETLER TEBLİĞİ
(III-58.1)",https://www.mevzuat.gov.tr/mevzuat?MevzuatNo=19246&MevzuatTur=9&MevzuatTertip=5,False,65020,852af2edfd74e172d9241db840061792627c116f66608c69ce4c0f6476d873c0
mevzuat-9.5.19314,mevzuat,SPK-teblig,2014-01-21,"TEMİNATLI MENKUL KIYMETLER TEBLİĞİ
(III-59.1)",https://www.mevzuat.gov.tr/mevzuat?MevzuatNo=19314&MevzuatTur=9&MevzuatTertip=5,False,54243,f6b542850230e6bc4bc4ad897ad72b11ef39fe53b3144b346475f3b39b622681
mevzuat-9.5.19315,mevzuat,SPK-teblig,2014-01-21,"BİLGİ SUİSTİMALİ VE PİYASA DOLANDIRICILIĞI İNCELEMELERİNDE UYGULANACAK TEDBİRLER TEBLİĞİ
(V-101.1)",https://www.mevzuat.gov.tr/mevzuat?MevzuatNo=19315&MevzuatTur=9&MevzuatTertip=5,False,29844,220e2bdebf5e0db0164b0680aa33c6ac3c4fe6eef3cf92adcadcd745c2613ca4
mevzuat-9.5.19316,mevzuat,SPK-teblig,2014-01-21,"BİLGİ SUİSTİMALİ VEYA PİYASA DOLANDIRICILIĞI SUÇLARI HAKKINDA BİLDİRİM YÜKÜMLÜLÜĞÜ TEBLİĞİ
(V-102.1)",https://www.mevzuat.gov.tr/mevzuat?MevzuatNo=19316&MevzuatTur=9&MevzuatTertip=5,False,15176,5ce8ebc3991974e6210f370d929d7b0777a59888645ae3a3cc318b5b3fe17aa2
mevzuat-9.5.19317,mevzuat,SPK-teblig,2014-01-21,"PİYASA BOZUCU EYLEMLER TEBLİĞİ
(VI-104.1)",https://www.mevzuat.gov.tr/mevzuat?MevzuatNo=19317&MevzuatTur=9&MevzuatTertip=5,False,11572,91aa8f500b68b946db76d35b8ae2f1de92d8ed71c21ddb025f493c89cf673bf6
mevzuat-9.5.19331,mevzuat,SPK-teblig,2014-01-23,ÖZEL DURUMLAR TEBLİĞİ (II-15.1),https://www.mevzuat.gov.tr/mevzuat?MevzuatNo=19331&MevzuatTur=9&MevzuatTertip=5,False,43070,abaa835302fe899d378521e22ea37de78c3681fbaeccf447069ed54e4c8cb657
mevzuat-9.5.19332,mevzuat,SPK-teblig,2014-01-23,"PAYLARI BORSADA İŞLEM GÖRMEYEN ORTAKLIKLARA İLİŞKİN ÖZEL DURUMLAR TEBLİĞİ
(II-15.2)",https://www.mevzuat.gov.tr/mevzuat?MevzuatNo=19332&MevzuatTur=9&MevzuatTertip=5,False,12759,e069594c794c6a85aee799e7c73c7eae33fc02a573153d20a297ced4006f00ca
mevzuat-9.5.19333,mevzuat,SPK-teblig,2014-01-23,"KÂR PAYI TEBLİĞİ
(II-19.1)",https://www.mevzuat.gov.tr/mevzuat?MevzuatNo=19333&MevzuatTur=9&MevzuatTertip=5,False,13477,d0e12ef331a16fb65315611351724583b2a5be8419ad8786da74603fa8e0619f
mevzuat-9.5.19334,mevzuat,SPK-teblig,2014-01-23,"PAY ALIM TEKLİFİ TEBLİĞİ
(II-26.1)",https://www.mevzuat.gov.tr/mevzuat?MevzuatNo=19334&MevzuatTur=9&MevzuatTertip=5,False,46200,905b5f3c719a202d5607e8bd0422c3bd0064c80781e6f26bed43ffb3fefbb7c2
mevzuat-9.5.19904,mevzuat,SPK-teblig,2014-07-17,İPOTEK FİNANSMANI KURULUŞLARINA İLİŞKİN ESASLAR HAKKINDA TEBLİĞ,https://www.mevzuat.gov.tr/mevzuat?MevzuatNo=19904&MevzuatTur=9&MevzuatTertip=5,False,36491,72a4510e50e20d7590a4ad2c79c30527d6f6181560e190de314494cf562b0a3e
mevzuat-9.5.19956,mevzuat,SPK-teblig,2014-08-07,KAYDİLEŞTİRİLEN SERMAYE PİYASASI ARAÇLARINA İLİŞKİN KAYITLARIN TUTULMASININ USUL VE ESASLARI HAKKINDA TEBLİĞ (II-13.1),https://www.mevzuat.gov.tr/mevzuat?MevzuatNo=19956&MevzuatTur=9&MevzuatTertip=5,False,41145,7952d55472aa6338f13ae7dbf442a893693366cdf46b6493fbc8b5c7e811fd2c
mevzuat-9.5.19974,mevzuat,SPK-teblig,2014-08-14,"SERMAYE PİYASASINDA FAALİYETTE BULUNANLAR İÇİN LİSANSLAMA VE SİCİL TUTMAYA İLİŞKİN ESASLAR HAKKINDA TEBLİĞ
(VII-128.7)",https://www.mevzuat.gov.tr/mevzuat?MevzuatNo=19974&MevzuatTur=9&MevzuatTertip=5,False,60908,0e0a061b06e19a744895308c1dd25cfba3f47870ec63800ef699325241666a16
mevzuat-9.5.20029,mevzuat,BDDK-teblig,2014-09-06,KREDİ RİSKİ AZALTIM TEKNİKLERİNE İLİŞKİN TEBLİĞ,https://www.mevzuat.gov.tr/mevzuat?MevzuatNo=20029&MevzuatTur=9&MevzuatTertip=5,False,111952,e9acd5666cfbea25cb138756f6154ce7cc9863ea74c463938ceb9ac10e168771
mevzuat-9.5.20031,mevzuat,BDDK-teblig,2014-09-06,OPERASYONEL RİSKE ESAS TUTARIN İLERİ ÖLÇÜM YAKLAŞIMI İLE HESAPLANMASINA İLİŞKİN TEBLİĞ,https://www.mevzuat.gov.tr/mevzuat?MevzuatNo=20031&MevzuatTur=9&MevzuatTertip=5,False,19544,f5bb73e75899e9df461eb4b50ac18d3f188a566ca1ea657a21e8c871a5d49a0a
mevzuat-9.5.20792,mevzuat,SPK-teblig,2015-05-27,"MENKUL KIYMET YATIRIM ORTAKLIKLARINA
İLİŞKİN ESASLAR TEBLİĞİ (III-48.5)",https://www.mevzuat.gov.tr/mevzuat?MevzuatNo=20792&MevzuatTur=9&MevzuatTertip=5,False,143018,8f651fe132396c899b1f9f7e29252f752441049f7239c4c16e228a3577818648
mevzuat-9.5.21018,mevzuat,SPK-teblig,2015-08-01,"YATIRIM HİZMET VE FAALİYETLERİ İLE YAN HİZMETLERE  İLİŞKİN BELGE VE KAYIT DÜZENİ
HAKKINDA TEBLİĞ (III-45.1)",https://www.mevzuat.gov.tr/mevzuat?MevzuatNo=21018&MevzuatTur=9&MevzuatTertip=5,False,44828,ccc456dab1be73ae953dac1b338c695a285fd1e5bea504dbd4beba4a6e3735ef
mevzuat-9.5.21193,mevzuat,BDDK-teblig,2015-10-23,BANKALARCA RİSK YÖNETİMİNE İLİŞKİN KAMUYA YAPILACAK AÇIKLAMALAR HAKKINDA TEBLİĞ,https://www.mevzuat.gov.tr/mevzuat?MevzuatNo=21193&MevzuatTur=9&MevzuatTertip=5,False,129442,1703a07c078ff8a1daa67cf41860c1f4d3b2db62757e2aca607779e1761f358b
mevzuat-9.5.21194,mevzuat,BDDK-teblig,2015-10-23,KREDİ RİSKİNE ESAS TUTARIN İÇSEL DERECELENDİRMEYE DAYALI YAKLAŞIMLAR İLE HESAPLANMASINA İLİŞKİN TEBLİĞ,https://www.mevzuat.gov.tr/mevzuat?MevzuatNo=21194&MevzuatTur=9&MevzuatTertip=5,False,180354,b27dc4e8d7406ec85774b89431b11317f5e9c56b1912f8919d8644e0a01ed9b7
mevzuat-9.5.21195,mevzuat,BDDK-teblig,2015-10-23,MENKUL KIYMETLEŞTİRMEYE İLİŞKİN RİSK AĞIRLIKLI TUTARLARIN HESAPLANMASI HAKKINDA TEBLİĞ,https://www.mevzuat.gov.tr/mevzuat?MevzuatNo=21195&MevzuatTur=9&MevzuatTertip=5,False,55288,e862eec8c518238f5ee5892d8990314e93aa313f0f910227825bec90aa9bfe65
mevzuat-9.5.21196,mevzuat,BDDK-teblig,2015-10-23,RİSK ÖLÇÜM MODELLERİ İLE PİYASA RİSKİNİN HESAPLANMASINA VE RİSK ÖLÇÜM MODELLERİNİN DEĞERLENDİRİLMESİNE İLİŞKİN TEBLİĞ,https://www.mevzuat.gov.tr/mevzuat?MevzuatNo=21196&MevzuatTur=9&MevzuatTertip=5,False,49960,772841269b9aa65f310b5bdfb6a21c8aad507854246a9a0b87ddcec142cbdb84
mevzuat-9.5.21279,mevzuat,SPK-teblig,2015-12-06,ARACI KURUMLAR TARAFINDAN YAPILACAK REPO VE TERS REPO İŞLEMLERİNE İLİŞKİN ESASLAR HAKKINDA TEBLİĞ (III-45.2),https://www.mevzuat.gov.tr/mevzuat?MevzuatNo=21279&MevzuatTur=9&MevzuatTertip=5,False,16707,d2bf54c787dcee29f4cb9d838060f049338f6b4ea8b9fc6e8dfbd7a2dd6b4a57
mevzuat-9.5.23301,mevzuat,SPK-teblig,2017-02-01,"SERMAYE PİYASASINDA DEĞERLEME STANDARTLARI
HAKKINDA TEBLİĞ
(III-62.1)",https://www.mevzuat.gov.tr/mevzuat?MevzuatNo=23301&MevzuatTur=9&MevzuatTertip=5,False,1491,f0650d69fa9c1fcb656f2253d1b263a16d98a26d03195a44cc68b724d75da927
mevzuat-9.5.24295,mevzuat,SPK-teblig,2018-01-05,BİLGİ SİSTEMLERİ BAĞIMSIZ DENETİM TEBLİĞİ (III-62.2),https://www.mevzuat.gov.tr/mevzuat?MevzuatNo=24295&MevzuatTur=9&MevzuatTertip=5,False,50905,0710c2e4c1ef796cf520c5bbb58808f3b60e0c0c6b16fecc1557c27b95715b29
mevzuat-9.5.24654,mevzuat,BDDK-teblig,2018-06-07,"BANKALARCA ÖZKAYNAK HESAPLAMASINA DAHİL EDİLECEK
BORÇLANMA ARAÇLARINA İLİŞKİN ESASLAR HAKKINDA TEBLİĞ",https://www.mevzuat.gov.tr/mevzuat?MevzuatNo=24654&MevzuatTur=9&MevzuatTertip=5,False,10537,347259939c760e3e66f36494b719484c622d3d23c74681cdaf6c86759adc58aa
mevzuat-9.5.24820,mevzuat,SPK-teblig,2018-09-19,KOOPERATİFVEYA KOOPERATİF BİRLİKLERİNİN VEYA KOOPERATİF MERKEZ BİRLİKLERİNİN YÖNETİM KONTROLÜNE SAHİP OLDUĞU ANONİM ORTAKLIKLARA İLİŞKİN ESASLARA DAİR TEBLİĞ (II-16.2),https://www.mevzuat.gov.tr/mevzuat?MevzuatNo=24820&MevzuatTur=9&MevzuatTertip=5,False,9213,b4b52bb6272c30f7a8a2725e825df26b7c1a21a934be00707641eb44a3005aff
mevzuat-9.5.26910,mevzuat,SPK-teblig,2018-10-27,"VERİ DEPOLAMA KURULUŞUNA YAPILACAK RAPORLAMALARA
İLİŞKİN ESASLAR HAKKINDA TEBLİĞ (IV-87.1)",https://www.mevzuat.gov.tr/mevzuat?MevzuatNo=26910&MevzuatTur=9&MevzuatTertip=5,False,21579,b739ac6ea7ea644d288f64e57d86a13ab5a64298be29da98f07f3e272fdeb74f
mevzuat-9.5.33762,mevzuat,SPK-teblig,2019-08-31,"SERMAYE PİYASASINDA FAALİYETTE BULUNACAK GAYRİMENKUL
DEĞERLEME KURULUŞLARI HAKKINDA TEBLİĞ (III-62.3)",https://www.mevzuat.gov.tr/mevzuat?MevzuatNo=33762&MevzuatTur=9&MevzuatTertip=5,False,43642,4204a62a1ac863bf0581e5081aa2a6be678a8223a42f1229d25713fed71229e5
mevzuat-9.5.34179,mevzuat,SPK-teblig,2020-01-10,OY HAKKINA VE YÖNETİM KURULUNDA TEMSİL EDİLMEYE İLİŞKİN İMTİYAZLARIN KALDIRILMASINA İLİŞKİN ESASLAR TEBLİĞİ (II-28.1),https://www.mevzuat.gov.tr/mevzuat?MevzuatNo=34179&MevzuatTur=9&MevzuatTertip=5,False,9489,b09ea57699a4657f1a197f17fe1f07df141d12c0aa482ecaed8d380115dce460
mevzuat-9.5.34645,mevzuat,SPK-teblig,2020-06-27,ÖNEMLİ NİTELİKTEKİ İŞLEMLER VE AYRILMA HAKKI TEBLİĞİ (II-23.3),https://www.mevzuat.gov.tr/mevzuat?MevzuatNo=34645&MevzuatTur=9&MevzuatTertip=5,False,31492,f5fa3de890fb5d25d564a943153c203da6ede12b91858af938407681f2271bef
mevzuat-9.5.34849,mevzuat,SPK-teblig,2020-09-11,BORÇLANMA ARACI SAHİPLERİ KURULU TEBLİĞİ (II-31/A.1),https://www.mevzuat.gov.tr/mevzuat?MevzuatNo=34849&MevzuatTur=9&MevzuatTertip=5,False,13421,bb36ec930e6fd5ed9a3cd505dde6cd556610d2c8dec3fcf190f49a5b4cd74d17
mevzuat-9.5.36138,mevzuat,SPK-teblig,2020-12-31,"ORTAKLIKTAN ÇIKARMA VE SATMA HAKLARI TEBLİĞİ 
(II-27.3)",https://www.mevzuat.gov.tr/mevzuat?MevzuatNo=36138&MevzuatTur=9&MevzuatTertip=5,False,16730,eb1f66352df4e0590e24ce3a2f84148d5878609455d5f266aa77200c1a421d52
mevzuat-9.5.38813,mevzuat,SPK-teblig,2021-07-17,"PROJEYE DAYALI MENKUL KIYMETLER TEBLİĞİ 
(III-61/B.1)",https://www.mevzuat.gov.tr/mevzuat?MevzuatNo=38813&MevzuatTur=9&MevzuatTertip=5,False,55563,aa4d92b9c64fcf8a6df74245f6522a2aafee79fc1370cb3882cd34ebf8892eee
mevzuat-9.5.38859,mevzuat,BDDK-teblig,2021-08-19,"BİLGİ ALIŞVERİŞİ KURULUŞLARI İLE RİSK MERKEZİNİN BİLGİ
SİSTEMLERİ YÖNETİMİNE VE DENETİMİNE İLİŞKİN TEBLİĞ",https://www.mevzuat.gov.tr/mevzuat?MevzuatNo=38859&MevzuatTur=9&MevzuatTertip=5,False,6037,99fbf754ac383fd194e602353df19fb59dcfb8f8335d700d6aa08e94411ac735
mevzuat-9.5.39017,mevzuat,SPK-teblig,2021-10-27,KİTLE FONLAMASI TEBLİĞİ (III – 35/A.2),https://www.mevzuat.gov.tr/mevzuat?MevzuatNo=39017&MevzuatTur=9&MevzuatTertip=5,False,84920,eecf87df87320428a4baf35dce4276c2274b6a10d1f67095cc0511d1b536fb4b
mevzuat-9.5.39172,mevzuat,BDDK-teblig,2021-11-30,"FAİZSİZ BANKACILIK İLKE VE STANDARTLARI KAPSAMINDA
MÜŞTERİLERİN VE KAMUOYUNUN BİLGİLENDİRİLMESİNE
İLİŞKİN USUL VE ESASLAR HAKKINDA TEBLİĞ",https://www.mevzuat.gov.tr/mevzuat?MevzuatNo=39172&MevzuatTur=9&MevzuatTertip=5,False,12860,c7e2b29bae8ef27911638d16b0b8326880934957613b31ae046a04886e5db8df
mevzuat-9.5.39307,mevzuat,SPK-teblig,2022-01-26,"SERMAYE PİYASASI ARAÇLARININ TEMİNATLI İHRACINA 
İLİŞKİN USUL VE ESASLAR HAKKINDA TEBLİĞ 
(II-31/B.1)",https://www.mevzuat.gov.tr/mevzuat?MevzuatNo=39307&MevzuatTur=9&MevzuatTertip=5,False,39229,9801fa0d8a89f0aa6c44999f90e7c5f10c59e15121bc8a1293b562fda41d1a5f
mevzuat-9.5.39408,mevzuat,SPK-teblig,2022-02-08,"ARACI KURUMLAR, PORTFÖY YÖNETİM ŞİRKETLERİ VE KRİPTO VARLIK HİZMET SAĞLAYICILAR TARAFINDAN KULLANILACAK UZAKTAN KİMLİK TESPİTİ YÖNTEMLERİNE VE ELEKTRONİK ORTAMDA SÖZLEŞME İLİŞKİSİNİN KURULMASINA İLİŞKİN TEBLİĞ (III-42.1)",https://www.mevzuat.gov.tr/mevzuat?MevzuatNo=39408&MevzuatTur=9&MevzuatTertip=5,False,31692,9d9f595fb743639f89be9c6c244ad29214eb52e3f632836b2be0f7b3095216a7
mevzuat-9.5.39442,mevzuat,BDDK-teblig,2022-03-25,"BİLGİ SİSTEMLERİ VE İŞ SÜREÇLERİ BAĞIMSIZ DENETİMİNE
İLİŞKİN RAPOR HAKKINDA TEBLİĞ",https://www.mevzuat.gov.tr/mevzuat?MevzuatNo=39442&MevzuatTur=9&MevzuatTertip=5,False,18138,b5aab169733258b54c1d1795f4e2e2429bc540888da2f9ce72673c362e911013
mevzuat-9.5.40197,mevzuat,SPK-teblig,2023-05-18,"PAYLARI GİRİŞİM SERMAYESİ PAZARINDA İŞLEM GÖRECEK
ORTAKLIKLARA İLİŞKİN ESASLAR TEBLİĞİ (II-16.3)",https://www.mevzuat.gov.tr/mevzuat?MevzuatNo=40197&MevzuatTur=9&MevzuatTertip=5,False,17627,22584fc7cedad30313c2c07f8eae802ae011ec99eb741fda3c8158d10443dce0
mevzuat-9.5.42327,mevzuat,SPK-teblig,2025-03-13,"KRİPTO VARLIK HİZMET SAĞLAYICILARIN ÇALIŞMA USUL VE ESASLARI
İLE SERMAYE YETERLİLİĞİ HAKKINDA TEBLİĞ (III-35/B.2)",https://www.mevzuat.gov.tr/mevzuat?MevzuatNo=42327&MevzuatTur=9&MevzuatTertip=5,False,69057,c6ebbba4672f9f557a7338ed2590657fd133852f5251476bd45c85168d0568ed
mevzuat-9.5.42363,mevzuat,BDDK-teblig,2025-04-11,BANKALARIN YEŞİL VARLIK ORANI HESAPLAMASI HAKKINDA TEBLİĞ,https://www.mevzuat.gov.tr/mevzuat?MevzuatNo=42363&MevzuatTur=9&MevzuatTertip=5,False,11236,e5a26e250ae2c34c4c50a79c4c13e31dabb6c5c67588733e76b20556d5b86fae
mevzuat-9.5.42464,mevzuat,SPK-teblig,2025-03-13,"BİLGİ SİSTEMLERİ YÖNETİMİNE İLİŞKİN USUL VE ESASLAR TEBLİĞİ
(VII-128.10)",https://www.mevzuat.gov.tr/mevzuat?MevzuatNo=42464&MevzuatTur=9&MevzuatTertip=5,False,74584,0407b1ab2f6a3331830c09fc55cd59136625dadc5b40b546decedec4362adfe1
mevzuat-9.5.8437,mevzuat,SPK-teblig,2004-01-30,"ARACI KURULUŞLARIN KAMUYU AYDINLATMA ESASLARINA İLİŞKİN TEBLİĞ (SERİ : V, NO : 77)",https://www.mevzuat.gov.tr/mevzuat?MevzuatNo=8437&MevzuatTur=9&MevzuatTertip=5,False,6674,6e7a3bdd221a4c570f04089cb70588f5cf0c5abd223131d179b90876e897bf55
mevzuat-9.5.9908,mevzuat,BDDK-teblig,2006-02-10,ÖZEL FİNANS KURUMLARINCA UYGULANACAK TEKDÜZEN HESAP PLANI VE İZAHNAMESİ HAKKINDA TEBLİĞDE DEĞİŞİKLİK YAPILMASINA DAİR TEBLİĞ,https://www.mevzuat.gov.tr/mevzuat?MevzuatNo=9908&MevzuatTur=9&MevzuatTertip=5,False,23445,e961fdb1e9580d8abd175addb8d9d997c5a4b9d1e27005a5c80934057dd4e1b3
mevzuat-9.5.9994,mevzuat,SPK-teblig,2006-03-06,"SERMAYE PİYASASINDA ULUSLARARASI DEĞERLEME STANDARTLARI HAKKINDA TEBLİĞ
(Seri :VIII, No:45)",https://www.mevzuat.gov.tr/mevzuat?MevzuatNo=9994&MevzuatTur=9&MevzuatTertip=5,False,1357,cb95bacdc3a778e85e4c85b50bbbabd3d4744863885b306db80153c05cd97258
